userId,movieId,tag,timestamp
2,60756,funny|Highly quotable|will ferrell,1445714994|1445714996|1445714992
2,89774,Boxing story|MMA|Tom Hardy,1445715207|1445715200|1445715205
2,106782,drugs|Leonardo DiCaprio|Martin Scorsese,1445715054|1445715051|1445715056
7,48516,way too long,1169687325
18,431,Al Pacino|gangster|mafia,1462138765|1462138749|1462138755
18,1221,Al Pacino|Mafia,1461699306|1461699303
18,5995,holocaust|true story,1455735472|1455735479
18,44665,twist ending,1456948283
18,52604,Anthony Hopkins|courtroom drama|twist ending,1457650696|1457650711|1457650682
18,88094,britpop|indie record label|music,1457444500|1457444592|1457444609
18,144210,dumpster diving|Sustainability,1455060381|1455060452
21,1569,romantic comedy|wedding,1419805413|1419805419
21,118985,painter,1419805477
21,119141,bloody,1419793962
49,109487,black hole|sci-fi|time-travel,1493093306|1493093332|1493093356
62,2,fantasy|magic board game|Robin Williams,1528843929|1528843932|1528843907
62,110,beautiful scenery|epic|historical|inspirational|Medieval|mel gibson|Oscar (Best Cinematography)|revenge|sword fight,1528152541|1528152532|1528152523|1528152527|1528152528|1528152521|1528152539|1528152531|1528152535
62,410,black comedy|Christina Ricci|Christopher Lloyd|dark comedy|family|gothic,1525636607|1525636685|1525636622|1525636610|1525636708|1525636609
62,2023,Al Pacino|Andy Garcia|Classic|Francis Ford Coppola|mafia,1525636728|1525636768|1525636752|1525636752|1525636733
62,2124,black comedy|Christina Ricci|Christopher Lloyd|Family|gothic|quirky,1525636847|1525636867|1525636859|1525636855|1525636849|1525636846
62,2953,family|funny|Macaulay Culkin|sequel,1525636883|1525636885|1525636890|1525636887
62,3114,animation|Disney|funny|original|Pixar|sequel|Tom Hanks,1525636903|1525636902|1525636913|1525636917|1525636901|1525636910|1525636925
62,3578,ancient Rome|Epic|history|imdb top 250|revenge|Rome|Russell Crowe,1528152504|1528152469|1528152467|1528152498|1528152496|1528152463|1528152465
62,4223,Ed Harris|Jude Law|Rachel Weisz|sniper|World War II,1528024869|1528024854|1528024873|1528024852|1528024877
62,5388,Al Pacino|atmospheric|Hilary Swank|Robin Williams,1530310809|1530310959|1530310952|1530310811
62,6058,sequel|violent,1525555053|1525555051
62,6534,dogs|Eric Bana|mad scientist|marvel,1525554096|1525554086|1525554098|1525554100
62,6541,captain nemo|comic book|gothic|Peta Wilson|Sean Connery|superhero,1525554054|1525554028|1525554056|1525554040|1525554026|1525554051
62,6564,adventure|Angelina Jolie|heroine in tight suit,1525554439|1525554432|1525554441
62,7153,Adventure|ensemble cast|fantasy|fantasy world|great soundtrack|lord of the rings|scenic|stylized|Tolkien,1528152558|1528152578|1528152556|1528152571|1528152575|1528152581|1528152580|1528152577|1528152561
62,8641,hilarious|Steve Carell|Will Ferrell,1526249138|1526249156|1526249135
62,27660,animation|anime|cyberpunk|dark|Matrix|sci-fi,1525554490|1525554488|1525554486|1525554500|1525554493|1525554491
62,27706,dark comedy|Jim Carrey|meryl streep|quirky|stylized,1526248598|1526248575|1526248580|1526248553|1526248601
62,27808,Adam Sandler|family|sweet,1525554900|1525554919|1525554922
62,27831,British gangster|confusing|daniel craig|Exquisite plotting.|organized crime|stylish|Tom Hardy,1532723304|1532723364|1532723305|1532723355|1532723369|1532723356|1532723359
62,31658,anime|fantasy world|Hayao Miyazaki|Studio Ghibli,1525869041|1525869051|1525869046|1525869044
62,33162,David Thewlis|Eva Green|Liam Neeson|Orlando Bloom,1525554605|1525554550|1525554577|1525554511
62,34150,Chris Evans|comic book|heroine in tight suit|Jessica Alba|sexy female scientist|superhero,1525554141|1525554003|1525554138|1525554127|1525554144|1525553977
62,37729,gothic|helena bonham carter|Johnny Depp|Tim Burton|visually appealing,1530310527|1530310534|1530310529|1530310526|1530310541
62,38061,black comedy|clever|fast-paced dialogue|good dialogue|Robert Downey Jr.|witty,1532723380|1532723403|1532723406|1532723428|1532723408|1532723402
62,45447,adventure|Audrey Tautou|conspiracy theory|Mystery|Paris|Tom Hanks|treasure hunt,1525637064|1525637075|1525637062|1525637081|1525637079|1525637067|1525637084
62,46723,Brad Pitt|cate blanchett|multiple storylines|social commentary,1525554217|1525554227|1525554215|1525554246
62,46972,Ben Stiller|Robin Williams,1525554254|1525554255
62,46976,emma thompson|Maggie Gyllenhaal|modern fantasy|romance|surreal|Will Ferrell,1536874692|1536874655|1536874658|1536874651|1536874662|1536874653
62,49130,Marion Cotillard,1526582371
62,49530,Africa|corruption|Jennifer Connelly|justice|Leonardo DiCaprio,1536874706|1536874704|1536874701|1536874709|1536874698
62,53464,bad acting|bad jokes|bad plot|Chris Evans|Jessica Alba|Marvel|sexy female scientist,1525554797|1525554811|1525554822|1525554807|1525554794|1525554792|1525554813
62,58047,Rachel Weisz|Ryan Reynolds,1528909364|1528909347
62,59501,fantasy|lion|narnia|Tilda Swinton,1525637507|1525637517|1525637508|1525637603
62,60074,bad script|Charlize Theron|Will Smith,1525554116|1525554121|1525554107
62,60126,Anne Hathaway|Steve Carell,1527004240|1527004238
62,60756,comedy|funny|will ferrell,1528934384|1528934381|1528934379
62,61024,comedy|James Franco|Seth Rogen|Stoner Movie,1528934218|1528934214|1528934216|1528934219
62,63992,audience intelligence underestimated|boring|chick flick|overrated|Teen movie,1528934237|1528934241|1528934247|1528934240|1528934233
62,68848,Adrien Brody|con artists|funny|interesting characters|Mark Ruffalo|Rachel Weisz,1527274305|1527274320|1527274322|1527274324|1527274316|1527274311
62,71535,Bill Murray|dark comedy|Emma Stone|funny|Jesse Eisenberg|Woody Harrelson,1529777198|1529777189|1529777192|1529777194|1529777186|1529777129
62,87430,audience intelligence underestimated|CGI|cheesy|comic book|DC|DC Comics|Ryan Reynolds|space|superhero,1525555172|1525555168|1525555170|1525555164|1525555176|1525555184|1525555162|1525555182|1525555181
62,88405,comedy|funny|happy ending|HOT actress|Justin Timberlake|Mila Kunis|New York City|romance|sex,1525554879|1525554868|1525554872|1525554880|1525554873|1525554861|1525554866|1525554883|1525554864
62,96861,Istanbul|Liam Neeson|predictable|Turkey|unnecessary sequel,1529611262|1529611250|1529611266|1529611256|1529611269
62,99114,action|Christoph Waltz|funny|good soundtrack|Great performances|Humour|Leonardo DiCaprio|Quentin Tarantino|Samuel L. Jackson|Soundtrack|western,1526078792|1526078766|1526078778|1526078785|1526078768|1526078787|1526078762|1526078760|1526078763|1526078781|1526078773
62,103042,Amy Adams|superhero,1525555328|1525555319
62,104863,daniel radcliffe|zoe kazan,1528843968|1528843965
62,107348,comedy|Steve Carell|stupid but funny|will ferrell,1528935011|1528935000|1528935013|1528935002
62,108190,anti-intellectual|bad writing|dystopia|new society|plot holes|predictable|scifi|unintelligent,1525554841|1525554835|1525554830|1525554832|1525554845|1525554847|1525554839|1525554843
62,111743,Charlize Theron|Liam Neeson|Seth MacFarlane|witty,1530471420|1530471434|1530471419|1530471417
62,114180,action|dystopia|plot holes|post-apocalyptic|survival|thriller|unexplained|weak plot,1525554460|1525554450|1525554454|1525554458|1525554456|1525554471|1525554473|1525554463
62,115149,dark hero|gun-fu|Keanu Reeves|Revenge|secret society|stylish,1528152251|1528152257|1528152244|1528152241|1528152258|1528152247
62,116897,black comedy|dark comedy|dark humor|ironic|multiple short stories|short stories,1528152849|1528152859|1528152847|1528152854|1528152862|1528152852
62,119141,bromance|comedy|funny|James Franco|Seth Rogen,1525555146|1525555138|1525555129|1525555132|1525555127
62,122912,comic book|Dr. Strange|Great villain|Guardians of the Galaxy|Marvel|MCU|Robert Downey Jr.|Thanos|Thor|Visually stunning,1526029023|1526029001|1526029025|1526029015|1526028997|1526028983|1526028991|1526028985|1526029010|1526028994
62,128360,characters|Dialogue|humor|Kurt Russell|Quentin Tarantino|Samuel L. Jackson|tension building|violent|Western,1526078910|1526078902|1526078901|1526078886|1526078877|1526078883|1526078880|1526078912|1526078899
62,135133,dystopia|Jennifer Lawrence|love story|nonsense|politics|rebellion|revolution,1525637480|1525637484|1525637487|1525637488|1525637499|1525637483|1525637481
62,135518,Ben Kingsley|ethics|immortality|ryan reynolds,1530471365|1530471346|1530471343|1530471352
62,135536,Bad story|Bad writing|Batman|Ben Affleck|comic book|dc comics|good soundtrack|Harley Quinn|Harley Quinn's ass|Horrible directing|Jared Leto|Joker|lack of plot|Margot Robbie|Poor story|poorly paced|superhero|visually appealing|Will Smith,1525555090|1525555084|1525555077|1525555106|1525555092|1525555080|1525555089|1525555079|1525555094|1525555099|1525555072|1525555074|1525555069|1525555073|1525555087|1525555083|1525555103|1525555109|1525555076
62,136864,action|batman|ben affleck|dark|dc comics|Gal Gadot|superhero|superman|wonderwoman,1525555242|1525555211|1525555223|1525555227|1525555225|1525555240|1525555243|1525555213|1525555233
62,139385,leonardo DiCarpio|survival|tom hardy|visually appealing,1526079025|1526079019|1526079029|1526079038
62,158966,building a family|creative|freedom|good writing|individualism|Viggo Mortensen,1526076353|1526076341|1526076339|1526076350|1526076344|1526076342
62,168248,action|dark hero|gun tactics|hitman|Keanu Reeves|organized crime|secret society,1528152295|1528152291|1528152287|1528152293|1528152284|1528152289|1528152282
62,174053,Dystopia|future|interesting|jon hamm|thought provoking,1525637341|1525637343|1525637346|1525637384|1525637344
62,179401,Action|Comedy|Dwayne Johnson|funny,1528934538|1528934534|1528934540|1528934536
62,183611,Comedy|funny|Rachel McAdams,1526244689|1526244688|1526244709
62,184471,adventure|Alicia Vikander|video game adaptation,1528024900|1528024914|1528024898
62,187593,Josh Brolin|Ryan Reynolds|sarcasm,1527274096|1527274092|1527274090
62,187595,Emilia Clarke|star wars,1528934560|1528934552
63,260,classic|space action,1443199698|1443199710
76,260,action|sci-fi,1439165594|1439165588
103,260,EPIC|great soundtrack,1431954312|1431954337
103,296,good dialogue|great soundtrack|non-linear,1431954555|1431954555|1431954555
106,4896,Everything you want is here,1467566944
106,106489,adventure,1467566979
112,260,classic sci-fi|engrossing adventure|EPIC,1442535682|1442535673|1442535666
119,260,classic|Nerd,1435942530|1435942520
119,101142,animation|funny|stone age,1436563067|1436563067|1436563067
119,115149,action|killer|widows/widowers,1437763143|1437763143|1437763143
119,115617,animation|kids|robots,1435944890|1435944890|1435944890
119,120635,action|murder|police,1438439306|1438439306|1438439306
125,1726,Kevin Costner|Post apocalyptic,1474483317|1474483320
125,2387,dark comedy|dark humor,1474382225|1474382223
125,3052,irreverent|jay and silent bob|Kevin Smith|satire,1474592072|1474592004|1474592000|1474591997
125,5088,irreverent,1474592207
125,7022,based on a book|bloody|brutal|controversial|dystopia|goretastic|satire|social commentary|survival|violence,1474381749|1474381755|1474381612|1474381812|1474381779|1474381786|1474381739|1474381788|1474381609|1474381745
125,7254,alternate reality|sci-fi|science fiction|time travel,1474381441|1474381448|1474381455|1474381439
125,8957,brutal|clever|Disturbing|great ending|mindfuck|surprise ending|suspense,1474382001|1474382019|1474382015|1474381987|1474381982|1474381973|1474381994
125,9010,cruel characters,1474381529
125,42632,brutality,1474381492
125,58301,dark humor,1474381561
125,60950,threesome,1474591817
125,62434,Seth Rogen|Sexual Humor,1474592476|1474592473
125,67695,Seth Rogen,1474382123
125,100083,embarassing scenes|offensive|R language|sarcasm|satire,1474377075|1474377060|1474377035|1474377015|1474381901
125,156371,80's,1474469700
125,158872,Crude humor|mindfuck|sarcasm|satire|Vulgar,1474382035|1474382087|1474382053|1474382047|1474382100
132,3556,sofia coppola,1163148016
132,6323,John Cusack,1161800041
132,6367,Ewan McGregor|Renee Zellweger,1161799885|1161799951
138,59103,jackie chan|kung fu,1222676394|1222676405
161,52287,Something for everyone in this one... saw it without and plan on seeing it with kids!,1176498861
166,293,assassin|Jean Reno,1188774484|1188774487
166,54286,assassin|assassin-in-training (scene)|espionage|Robert Ludlum,1188774519|1188774517|1188774515|1188774524
167,104,test tag,1154718872
177,115617,feel-good|fun family movie|very funny,1435523876|1435523876|1435523876
184,2579,black and white|Christopher Nolan|directorial debut|mindfuck|not linear|Twist Ending,1537094307|1537094326|1537094323|1537094375|1537094318|1537094309
184,3793,action|comic book|hugh jackman|marvel|superhero,1537094381|1537094359|1537094370|1537094366|1537094354
184,4226,dark|Mindfuck|nonlinear|psychology|twist ending,1537094453|1537094464|1537094445|1537094448|1537094447
184,4896,alan rickman|harry potter|humorous|Magic,1537094576|1537094544|1537094550|1537094530
184,5388,atmospheric|insomnia|thought-provoking,1537094680|1537094688|1537094685
184,6283,amazing artwork|anime|sci-fi,1537094506|1537094487|1537094503
184,27156,anime|end of the world|epic|mecha|psychology,1537094261|1537094269|1537094270|1537094278|1537094263
184,193565,anime|comedy|gintama|remaster,1537098582|1537098587|1537098603|1537098592
193,260,classic sci-fi|space action|space epic,1435856940|1435856955|1435856950
193,4878,atmospheric|cult film|dreamlike|hallucinatory|psychological|surreal|time travel,1435857150|1435857131|1435857139|1435857144|1435857147|1435857128|1435857135
193,7147,dreamlike|sentimental|surreal|Tim Burton,1435857017|1435857038|1435857020|1435857024
193,7361,alternate reality|memory|thought-provoking,1435857168|1435857171|1435857163
193,97938,cinematography|India|surreal,1435857101|1435857092|1435857076
205,260,oldie but goodie|sci-fi|Star Wars,1519899101|1519899078|1519899108
226,6938,big wave|surfing,1160681362|1160681362
226,48780,ummarti2006,1161615435
256,126548,funny|high school,1447532592|1447532575
274,68319,comic book,1241762577
288,7020,Notable Nudity,1150988077
289,3,moldy|old,1143424860|1143424860
289,527,moving,1143424895
289,1101,predictable,1143424846
291,50872,a clever chef rat|inspirational,1453051551|1453051559
291,102007,animation,1453135047
291,118696,hope,1453135079
300,6711,atmospheric,1425352343
305,4034,drugs,1462919721
305,4995,mathematics,1464428783
305,6502,zombies,1525274359
305,6953,DEPRESSING,1462398032
305,8641,stupid,1520707078
305,34405,predictable,1520284921
305,55721,Favelas,1462919777
305,83134,black comedy,1518811477
318,778,based on a book|dark comedy|narrated,1266408710|1266408707|1266408703
318,4612,reciprocal spectator,1416086512
318,4708,reciprocal spectator,1416086490
318,6400,documentary,1315333136
318,30892,Animation|Documentary|Henry Darger,1240158590|1240158551|1240158560
318,48698,the catholic church is the most corrupt organization in history,1276006189
318,64034,childish naivity|friendship,1242160404|1242160427
318,68954,adventure|Bechdel Test:Fail|cartoon|children|computer animation|divorce|dogs|dreams|Pixar,1266408634|1266408641|1266408638|1266408643|1266408645|1266408656|1266408658|1266408662|1266408675
318,71494,Narrative pisstake,1426783741
318,81158,american idolatry,1299452954
318,82459,atmospheric|Coen Brothers|Jeff Bridges|Matt Damon|predictable,1300485463|1300485477|1300485479|1300485480|1300485405
318,90769,celebrity fetishism|mediacentralism|system holism,1422524320|1422524320|1422524320
318,96084,city politics|italy|political right versus left,1421145735|1421145735|1421145735
318,111364,Creature Feature,1414693918
318,118784,documentary|music industry|remix culture,1420400992|1420400992|1420400992
318,127172,film history|poetic|representation of children,1423222565|1423222565|1423222565
319,364,Disney|Disney animated feature|Oscar (Best Music - Original Score),1461351898|1461351908|1461351919
327,1288,music,1234790068
327,1923,Ben Stiller,1234789755
327,2616,comic book,1234789098
327,3481,music,1234788257
327,3897,music,1234788979
327,8641,awesome,1234789177
327,51255,british comedy,1234789115
336,1,pixar,1139045764
336,153,superhero,1139045840
336,552,knights,1139045825
336,1246,highschool,1139046768
336,32587,cult,1139046748
336,33660,boksdrama,1139046203
336,34162,stiller,1139046811
336,36529,wapendrama,1139046289
336,37729,animation,1139047294
336,38798,sisters,1139047262
341,260,ROBOTS AND ANDROIDS|space,1439750956|1439750961
356,2146,post-college,1229142995
356,37384,restaurant,1229142458
356,40955,transvestite,1229140689
356,44889,satire,1229140863
356,61323,dark comedy,1228073481
357,39,chick flick|funny|Paul Rudd|quotable|seen more than once,1348627867|1348627869|1348627871|1348627873|1348627878
357,1059,Amazing Cinematography|Leonardo DiCaprio|shakespeare|updated classics,1348627235|1348627233|1348627264|1348627243
357,2762,Atmospheric|Bruce Willis|ghosts|imdb top 250|mindfuck|stylized|twist ending,1348626902|1348626919|1348626904|1348626908|1348626910|1348626915|1348626913
357,4370,android(s)/cyborg(s)|artificial intelligence|Bittersweet|Steven Spielberg,1348628642|1348628638|1348628628|1348628635
357,5464,cinematography|Tom Hanks,1348627174|1348627179
357,7078,Bette Davis|Oscar (Best Actress),1348628505|1348628502
357,7444,Mark Ruffalo,1348627960
357,7451,clever|High School|lesbian subtext,1348627907|1348627902|1348627909
357,48516,Leonardo DiCaprio|suspense|twist ending|undercover cop,1348627149|1348627152|1348627154|1348627156
357,54997,Christian Bale,1348627195
357,55290,Casey Affleck|great performances|twist,1348627116|1348627127|1348627131
357,91500,ending,1348626941
357,91529,Anne Hathaway|Christian Bale|Christopher Nolan|comic book|great ending|Morgan Freeman|political commentary|superhero,1348626758|1348626755|1348626760|1348626775|1348626779|1348626766|1348626786|1348626790
419,98961,Afghanistan|American propaganda|assassination|military|terrorism,1362867327|1362867290|1362867308|1362867315|1362867303
424,32,time travel,1457901872
424,47,mystery|twist ending,1457842470|1457842458
424,50,mindfuck|suspense|thriller|tricky|twist ending,1457842328|1457842315|1457842332|1457842340|1457842306
424,147,addiction|heroin|Leonardo DiCaprio|Mark Wahlberg,1457901627|1457901631|1457901625|1457901624
424,175,controversial|New York City|Nudity (Full Frontal),1457901665|1457901671|1457901668
424,223,cynical|hilarious|independent film|quirky|witty,1457844066|1457844086|1457844084|1457844073|1457844080
424,260,classic sci-fi|sci-fi|space adventure|Star Wars,1457900772|1457900766|1457900770|1457900775
424,288,brutality|controversial|dark comedy|psychedelic|satire|stylized,1457846184|1457846195|1457846180|1457846191|1457846198|1457846189
424,296,cult film|drugs|Quentin Tarantino|Tarantino,1457844546|1457844550|1457844541|1457844557
424,364,soundtrack,1457845497
424,527,thought-provoking,1457901041
424,541,sci-fi,1457900918
424,589,apocalypse|Arnold Schwarzenegger|nuclear war|sci-fi|Suspense|time travel,1457844854|1457844841|1457844861|1457844847|1457844864|1457844843
424,608,based on a true story|dark comedy|KIDNAPPING|Steve Buscemi,1457900882|1457900870|1457900877|1457900865
424,628,edward norton|psychology|suspense|thought-provoking|twist ending,1457843774|1457843776|1457843782|1457843780|1457843771
424,1089,ensemble cast|nonlinear|Quentin Tarantino|stylized,1457844739|1457844742|1457844729|1457844737
424,1120,freedom of expression,1457845558
424,1136,british comedy|Monty Python,1457901498|1457901496
424,1193,emotional|jack nicholson,1457843688|1457843684
424,1198,adventure|archaeology|indiana jones|Steven Spielberg|treasure hunt,1457901129|1457901464|1457901132|1457901466|1457901471
424,1200,action|aliens|horror|sci-fi|space|space craft|SPACE TRAVEL|suspense,1457901258|1457901252|1457901265|1457901245|1457901261|1457901274|1457901269|1457901256
424,1219,Alfred Hitchcock|psychology|suspenseful|tense,1457902455|1457902459|1457902452|1457902461
424,1240,Action|artificial intelligence|robots|Sci-Fi|special effects|tense|time travel,1457901308|1457901313|1457901305|1457901302|1457901322|1457901319|1457901300
424,1258,atmospheric|disturbing|Horror|jack nicholson|masterpiece|psychological|Stanley Kubrick|suspense,1457843344|1457843347|1457843352|1457843340|1457843354|1457843342|1457843338|1457843361
424,1343,horror|Juliette Lewis|Martin Scorsese|Robert De Niro,1457846257|1457846244|1457846252|1457846254
424,1625,mindfuck|Mystery|plot twist|psychological|suspense|twist ending,1457845252|1457845249|1457845255|1457845247|1457845258|1457845244
424,1704,inspirational,1457844971
424,1921,hallucinatory|mental illness|mindfuck|paranoid,1457902516|1457902477|1457902518|1457902521
424,1923,Ben Stiller|crude humor|goofy,1457846503|1457846506|1457846511
424,2160,Atmospheric|creepy|paranoia|scary|suspense,1457843300|1457843317|1457843298|1457843295|1457843308
424,2296,SNL,1457846704
424,2329,thought-provoking,1457843729
424,2505,Nicolas Cage,1457902180
424,2571,martial arts|sci-fi,1457842912|1457842899
424,2700,adult humor|controversial|crude humor|free speech|parody|satire|south park|Trey Parker,1457844390|1457844399|1457844397|1457844402|1457844393|1457844392|1457844407|1457844412
424,2959,dark comedy|psychology|thought-provoking|twist ending,1457842797|1457842802|1457842786|1457842777
424,3176,based on a book|creepy|disturbing|Jude Law|murder|obsession|psychology|secrets|serial killer|suspense,1457845042|1457845033|1457845029|1457845026|1457845038|1457845036|1457845023|1457845045|1457845031|1457845041
424,3186,asylum|based on a true story|Brittany Murphy|Mental Hospital|psychology|winona ryder,1457846005|1457846002|1457846009|1457846012|1457845994|1457845998
424,3499,claustrophobic|horror|scary|stephen king|suspenseful|tense|thriller,1457846281|1457846287|1457846295|1457846291|1457846279|1457846283|1457846285
424,3527,aliens|sci-fi|scifi cult,1457901283|1457901285|1457901288
424,3911,satire,1457844176
424,3948,comedy|Robert De Niro,1457846488|1457846484
424,4226,mystery|psychological|twist ending,1457842983|1457842979|1457842977
424,4262,Al Pacino,1457900965
424,4816,ben stiller|comedy|David Bowie|goofy|mindless one liners|Will Ferrell,1457846960|1457846970|1457846952|1457846949|1457846956|1457846959
424,4878,jake gyllenhaal,1457901910
424,4993,fantasy|high fantasy|Magic|mythology|tolkien|wizards,1457901156|1457901162|1457901158|1457901174|1457901165|1457901168
424,5291,black and white|samurai,1457845331|1457845338
424,6016,multiple storylines|true story,1457900999|1457901005
424,6188,comedy|Will Ferrell,1457846098|1457846100
424,6290,Rob Zombie,1457902367
424,7361,jim carrey,1457901740
424,8641,comedy|Will Ferrell,1457846537|1457846533
424,8950,Christian Bale|creepy|powerful ending|psychology|schizophrenia|twist ending,1457842841|1457842847|1457842857|1457842844|1457842854|1457842837
424,27020,drugs|lesbian,1457901575|1457901570
424,30825,Ben Stiller|Robert De Niro,1457846573|1457846569
424,34323,Rob Zombie,1457902355
424,40278,Jake Gyllenhaal|Modern war,1457846443|1457846449
424,48516,atmospheric|Jack Nicholson|Leonardo DiCaprio|Martin Scorsese|suspense,1457843188|1457843173|1457843178|1457843176|1457843184
424,53127,based on a play|conspiracy theory|creepy|Insanity|paranoia|PTSD,1457923334|1457923313|1457923337|1457923284|1457923318|1457923256
424,60756,funny|will ferrell,1457846127|1457846129
424,66097,claymation|creepy|dark|dark fairy tale|Surreal|Tim Burton,1457844468|1457844484|1457844475|1457844498|1457844481|1457844494
424,68157,black comedy|Brad Pitt|Christoph Waltz|Quentin Tarantino|satire,1457844667|1457844663|1457844660|1457844652|1457844670
424,74458,insanity|Leonardo DiCaprio|Martin Scorsese|plot twist|psychological|Psychological Thriller|thought-provoking,1457843102|1457843110|1457843107|1457843104|1457843098|1457843113|1457843122
424,79132,action|alternate reality|Leonardo DiCaprio|sci-fi|thought-provoking|visually appealing,1457844927|1457844911|1457844916|1457844903|1457844920|1457844914
424,81562,stranded,1457901404
424,81591,alter ego|atmospheric|creepy|horror|obsession|surreal,1457845684|1457845658|1457845668|1457845670|1457845677|1457845661
424,102903,illusions|overcomplicated|predictable|stupid ending,1457845623|1457845593|1457845596|1457845587
424,104879,absorbing|acting|atmospheric|Hugh Jackman|Jake Gyllenhaal|morality|mystery|thriller,1457846360|1457846358|1457846366|1457846364|1457846355|1457846368|1457846378|1457846362
424,106100,Jared Leto|social commentary|uplifting,1457845924|1457845921|1457845933
424,106489,fantasy|Tolkien|too long,1457901210|1457901214|1457901201
424,109487,Christopher Nolan|sci-fi|time-travel,1457901805|1457901808|1457901811
424,112515,atmospheric|dark|Metaphorical|psychological,1457843258|1457843256|1457843228|1457843261
424,112556,annoying|Stupid ending,1457845088|1457845155
435,750,dark comedy,1366676044
435,2959,dark comedy,1366676088
435,58559,psychology|superhero,1366676040|1366676054
439,5952,Myth,1436944038
439,98809,Action|Myth,1436944128|1436944141
462,152711,Cambodia|crime|human rights|murder|procedural,1478489688|1478489709|1478489696|1478489701|1478489713
474,1,pixar,1137206825
474,2,game,1137375552
474,5,pregnancy|remake,1137373903|1137373903
474,7,remake,1137375642
474,11,politics|president,1137374904|1137374904
474,14,politics|president,1137375623|1137375623
474,16,Mafia,1137181640
474,17,Jane Austen,1137181153
474,21,Hollywood,1137206178
474,22,serial killer,1137375496
474,25,alcoholism,1138137555
474,26,Shakespeare,1138137603
474,28,In Netflix queue|Jane Austen,1137201942|1137180037
474,29,kidnapping,1138137473
474,31,high school|teacher,1137375502|1137375502
474,32,time travel,1137206826
474,34,Animal movie|pigs,1137180956|1137205237
474,36,death penalty|Nun,1137202363|1137191227
474,38,twins,1137373760
474,39,Emma|Jane Austen,1138137492|1138137492
474,40,In Netflix queue|South Africa,1137202107|1137202107
474,41,Shakespeare,1138137646
474,43,England,1138137640
474,45,Journalism,1137206826
474,46,wedding,1137375539
474,47,serial killer,1137206452
474,50,heist,1137206826
474,52,adoption|prostitution,1137206315|1137206371
474,58,writing,1138137613
474,62,music,1137374957
474,92,Jekyll and Hyde,1138137574
474,96,theater,1138137537
474,101,crime,1138137460
474,104,golf,1137374014
474,107,muppets,1137375573
474,110,Scotland,1137180974
474,111,assassination,1137206513
474,116,Holocaust,1138040398
474,122,dating,1137373679
474,140,journalism,1137375031
474,150,moon|NASA|space,1137205234|1137180977|1137205233
474,153,superhero,1137375453
474,160,Michael Crichton,1137373726
474,161,submarine,1138137497
474,162,In Netflix queue,1137202038
474,185,computers,1137375604
474,199,Made me cry,1137203124
474,215,generation X,1138040410
474,216,school,1137373675
474,222,Ireland,1137181644
474,223,generation X,1138137480
474,224,mental illness|psychology,1138137516|1138137516
474,230,Stephen King,1138137506
474,232,In Netflix queue,1137201027
474,235,movie business,1137181651
474,237,basketball|France|infertility,1138137528|1138137528|1138137528
474,246,basketball,1137784780
474,247,Australia,1137181666
474,249,Beethoven,1137181672
474,252,Einstein,1137374021
474,257,court,1137375555
474,260,darth vader|luke skywalker|space opera,1137206494|1137206496|1137206504
474,261,Louisa May Alcott,1137181688
474,262,England|Girl Power|India,1137206203|1137206203|1137206203
474,272,England|mental illness,1138137566|1138137566
474,277,Christmas,1137374027
474,279,In Netflix queue,1137202159
474,280,prison,1137375585
474,282,disability|twins,1137375594|1137375594
474,290,In Netflix queue,1137201907
474,293,hit men,1138137619
474,296,hit men,1137205001
474,300,TV,1137206376
474,307,Death,1137203087
474,308,marriage,1137206827
474,316,time travel,1138137673
474,317,Christmas,1137374047
474,318,prison|Stephen King|wrongful imprisonment,1137205060|1137181171|1137205064
474,326,In Netflix queue,1137201797
474,329,Enterprise,1137206491
474,337,mental illness,1137206828
474,338,serial killer,1137375662
474,339,coma,1138137781
474,342,Australia|weddings,1138137593|1138137593
474,345,cross dressing|men in drag|remade,1138040381|1138040381|1138040381
474,349,Tom Clancy,1137180961
474,350,John Grisham,1137375482
474,351,interracial romance,1137374008
474,356,shrimp|Vietnam,1137375519|1137375519
474,357,wedding,1137375527
474,361,gambling,1138137551
474,363,Holocaust|In Netflix queue,1137202123|1137202123
474,364,Disney,1137180959
474,371,journalism,1137375629
474,377,bus,1137206476
474,380,spies,1137206826
474,381,alcoholism,1137375043
474,412,Edith Wharton,1137181633
474,421,horses,1138040415
474,425,mental illness|Oscar (Best Actress),1138040434|1138040434
474,440,President,1137191329
474,454,John Grisham,1137181658
474,457,based on a TV show,1137784717
474,471,hula hoop,1137375547
474,474,assassination,1138137543
474,475,Ireland,1137181677
474,477,biopic,1138137776
474,480,Dinosaur,1137202921
474,488,Japan|sexuality,1137375570|1137375570
474,497,Shakespeare,1137181143
474,500,cross dressing|divorce|men in drag,1137374959|1137374961|1137374967
474,508,AIDs,1137375634
474,513,radio|show business,1138137637|1138137637
474,515,Butler|Housekeeper,1137202599|1137202599
474,516,military,1137374250
474,522,Australia|racism|violence,1138137660|1138137660|1138137660
474,524,football,1137375002
474,527,Holocaust,1137180970
474,529,chess,1137181705
474,531,In Netflix queue,1137201896
474,534,C.S. Lewis,1137181163
474,535,large cast,1137206471
474,538,race,1138137665
474,539,Empire State Building,1137203041
474,541,robots,1137375464
474,543,beat poetry,1137203057
474,551,Christmas|Halloween,1137375615|1137375615
474,556,politics,1137375666
474,562,adolescence,1137206827
474,586,christmas,1137374182
474,587,overrated,1137180951
474,588,Disney,1137180971
474,589,robots,1137206517
474,590,American Indians|Native Americans,1137180976|1137180976
474,592,superhero,1137206164
474,593,Hannibal Lector,1137180982
474,594,Disney,1137375648
474,595,Disney,1137180963
474,596,Disney,1137374224
474,597,prostitution,1137206324
474,608,Coen Brothers,1137180968
474,616,Disney,1138040401
474,628,priest,1137375884
474,638,babies,1137375798
474,647,Gulf War,1137375718
474,648,based on a TV show,1138137584
474,668,India,1138137607
474,670,India,1137181320
474,671,spoof,1138137597
474,673,Bugs Bunny,1137373978
474,708,Veterinarian,1137203107
474,720,Aardman,1137206828
474,728,In Netflix queue,1137202096
474,733,Alcatraz,1137206418
474,736,Disaster,1137180960
474,745,Aardman,1137206827
474,748,aliens,1138137820
474,750,Atomic bomb,1137202888
474,778,drug abuse,1137191490
474,780,aliens,1137206181
474,800,In Netflix queue,1137201974
474,805,John Grisham,1137375969
474,818,based on a TV show,1137375996
474,830,adultery,1137374123
474,832,kidnapping,1137374242
474,838,Jane Austen,1137375748
474,852,golf,1137374262
474,858,Mafia,1137180955
474,892,Shakespeare,1137375988
474,898,divorce,1137206322
474,899,movie business,1137181713
474,900,France,1138137809
474,902,Capote,1138137849
474,903,falling,1137205255
474,904,voyeurism,1137206380
474,905,Screwball,1137202499
474,906,Brooch,1137191231
474,907,divorce,1137375780
474,908,Mount Rushmore,1138137968
474,909,adultery,1137206162
474,910,men in drag,1137191481
474,911,heist,1138306780
474,912,start of a beautiful friendship,1137202319
474,913,statue,1137206229
474,914,George Bernard Shaw,1137202973
474,915,rich guy - poor girl,1137206449
474,916,Italy|royalty,1137206429|1137206429
474,918,1900s,1138137949
474,919,Dorothy|Toto,1137205270|1137205270
474,920,Civil War,1137374145
474,921,television,1137375857
474,922,movies,1137207406
474,923,Rosebud,1137202868
474,924,Hal|space,1137368035|1137368035
474,926,Hollywood,1137202821
474,927,divorce,1137368140
474,928,Mrs. DeWinter,1137202590
474,929,Europe|journalism|war,1140441887|1140441887|1140441887
474,930,assassination,1137207035
474,931,amnesia,1138137999
474,934,wedding,1137375767
474,936,Cold War|Russia,1137521228|1137521228
474,938,prostitution,1137374937
474,940,swashbuckler,1138137798
474,941,swashbuckler,1138137943
474,943,ghosts,1138306878
474,944,Shangri-La,1137207008
474,945,Astaire and Rogers,1137181301
474,947,butler|homeless|screwball,1137521096|1137521096|1137521103
474,948,oil,1137206938
474,950,Nick and Nora Charles,1137200994
474,951,Screwball,1137202906
474,952,race,1137375685
474,953,Christmas,1138137927
474,954,Politics,1137202956
474,955,leopard|screwball,1137368052|1137368052
474,956,adoption,1137207058
474,965,fugitive,1137206861
474,968,zombies,1137181787
474,969,missionary,1137202249
474,970,crime,1138306770
474,971,Tennessee Williams,1138137870
474,973,journalism,1138306956
474,976,Hemingway,1137375762
474,986,Animal movie,1137181755
474,991,Ireland,1137375821
474,994,food,1138137832
474,1006,death penalty|John Grisham,1138137880|1138137880
474,1010,Disney|race,1137375809|1137375809
474,1013,twins,1137375864
474,1022,Disney,1137181749
474,1025,Disney|King Arthur,1137375959|1137375959
474,1028,Disney|nanny,1137375815|1137375815
474,1029,Disney,1137375741
474,1030,Disney,1137374219
474,1032,Disney,1137374073
474,1033,Disney,1137202900
474,1035,Rogers and Hammerstein,1137181179
474,1041,In Netflix queue,1137201463
474,1042,Music,1137203070
474,1059,Shakespeare,1137181313
474,1066,Astaire and Rogers,1137181830
474,1068,anti-Semitism,1138306851
474,1076,governess,1137521394
474,1079,fish,1137202895
474,1080,Bible|parody|religion,1137375841|1137375841|1137375841
474,1081,cross dressing,1138138013
474,1082,politics,1138137861
474,1084,1920s|gangsters,1138137844|1138137844
474,1088,dance|music,1138306856|1138306856
474,1089,heist|violence,1137207100|1137207100
474,1090,Vietnam,1138137990
474,1093,1960s|Jim Morrison|music,1137375736|1137375736|1137375736
474,1096,Holocaust,1137375015
474,1097,aliens,1137521204
474,1101,Navy,1138138004
474,1103,1950s|adolescence,1137207088|1137207088
474,1104,Tennessee Williams,1137207146
474,1124,aging,1137207041
474,1125,Clousseau,1137375898
474,1135,military,1137374233
474,1136,England|King Arthur,1137202949|1137202949
474,1147,boxing|In Netflix queue,1137201093|1137201093
474,1148,Aardman,1137368133
474,1171,politics,1137181738
474,1177,Italy,1137191228
474,1178,court|military,1137521169|1137521169
474,1179,crime,1138306883
474,1183,adultery,1137374103
474,1185,In Netflix queue,1137201055
474,1187,disability,1137207053
474,1188,Australia|dance,1137202649|1137202649
474,1189,In Netflix queue|police,1137201133|1137201133
474,1193,mental illness,1138137985
474,1196,I am your father|space|space opera,1137202639|1137205077|1137205075
474,1197,Inigo Montoya|six-fingered man,1137202999|1137202999
474,1198,archaeology|ark of the covenant|indiana jones,1137784496|1137207066|1137207064
474,1200,space,1138137801
474,1201,spaghetti western,1138137912
474,1203,court,1137206845
474,1204,Middle East,1137206997
474,1206,brainwashing,1138137889
474,1207,Harper Lee|racism,1137191542|1137191542
474,1208,Vietnam,1138137816
474,1209,spaghetti western,1138137976
474,1210,darth vader|luke skywalker|space opera,1137207127|1137207127|1137207127
474,1212,ferris wheel|Venice|zither,1137201067|1143683500|1143683500
474,1213,Mafia,1138137920
474,1214,aliens,1137766234
474,1217,samurai,1137207077
474,1219,Norman Bates,1137203028
474,1220,Saturday Night Live,1137375705
474,1221,Mafia,1137181066
474,1222,Vietnam,1137181761
474,1223,moon,1137205261
474,1224,Shakespeare,1137181778
474,1225,Mozart|Salieri,1137181247|1137181247
474,1228,boxing,1137375891
474,1230,New York,1137206872
474,1231,NASA|space,1137181802|1137207104
474,1233,submarine,1138137835
474,1234,The Entertainer,1137520998
474,1235,May-December romance,1137206961
474,1237,chess|death,1137375008|1137375008
474,1240,robots,1137368088
474,1242,Civil War,1137181272
474,1243,Shakespeare sort of,1137181815
474,1244,black and white,1138306904
474,1245,Mafia,1137375832
474,1246,High School,1137191334
474,1247,Simon and Garfunkel,1137181084
474,1249,hit men,1138137899
474,1250,POW,1137206891
474,1252,incest,1137521080
474,1253,aliens,1137206910
474,1254,Cold,1137203094
474,1257,skiing,1137375698
474,1258,Stephen King,1137181824
474,1259,Stephen King,1137181838
474,1260,serial killer,1137207017
474,1262,POW,1137206951
474,1263,Vietnam,1137375724
474,1266,revenge,1138031666
474,1267,assassination|brainwashing,1137207027|1137207027
474,1269,murder,1138137828
474,1270,time travel,1137202832
474,1272,World War II,1137181795
474,1276,prison,1137520930
474,1277,In Netflix queue,1137201859
474,1278,spoof,1138031675
474,1280,In Netflix queue,1137201087
474,1281,Nazis,1137206944
474,1282,Disney,1137375752
474,1283,gunfight,1138306895
474,1284,Hammett,1138306774
474,1285,high school,1137368062
474,1288,heavy metal|mockumentary|music,1137368105|1137368105|1137368105
474,1291,archaeology|Holy Grail,1137206982|1137206982
474,1292,television,1137206878
474,1293,India,1137191587
474,1296,E. M. Forster,1137191679
474,1299,Cambodia|Vietnam,1138137933|1138137933
474,1301,Shakespeare sort of|space,1138306870|1138306870
474,1302,baseball,1138137903
474,1303,India,1138031736
474,1304,crime,1138137854
474,1307,New York,1137202686
474,1333,birds,1137202841
474,1343,remake,1137181261
474,1344,lawyer,1137202856
474,1345,high school|prom|Stephen King,1137784649|1137784649|1137784649
474,1348,vampires,1137374972
474,1350,demons,1137368289
474,1353,personals ads,1137202938
474,1354,religion,1137202850
474,1356,Borg,1137202633
474,1358,ex-con,1137203050
474,1361,In Netflix queue,1137201059
474,1363,religion,1137374986
474,1366,Arthur Miller,1137191572
474,1367,dogs|remake,1137374063|1137374063
474,1372,Klingons,1137203064
474,1374,Captain Kirk,1138031870
474,1376,whales,1137368320
474,1377,superhero,1137374089
474,1380,high school,1137368225
474,1381,high school,1137374154
474,1387,Shark,1137202913
474,1389,shark,1137373926
474,1393,sports,1137205489
474,1394,Coen Brothers,1137181415
474,1396,spying,1138031853
474,1398,Hemingway,1137374949
474,1407,slasher|spoof,1138031814|1138031814
474,1408,Hawkeye|James Fennimore Cooper,1137368264|1137368264
474,1411,Shakespeare,1137191597
474,1413,Conan,1137205643
474,1416,Andrew Lloyd Weber,1137374117
474,1423,In Netflix queue|Vietnam,1137202085|1137202085
474,1441,mental illness,1137375694
474,1446,In Netflix queue,1137201854
474,1449,mockumentary,1137368329
474,1466,Mafia,1137191577
474,1474,jungle,1137374191
474,1485,lawyer,1137375802
474,1496,Tolstoy,1137191560
474,1500,hit men|reunion,1137368241|1137368241
474,1513,reunion,1137375929
474,1537,ballroom dance,1137368308
474,1542,In Netflix queue,1137202048
474,1544,dinosaurs,1137373781
474,1545,death,1138031807
474,1569,weddings,1138031775
474,1573,transplants,1137205452
474,1580,aliens,1137205519
474,1586,military,1137374138
474,1608,president,1137375681
474,1610,Tom Clancy,1137191607
474,1617,Police,1137191242
474,1625,twist ending,1138031717
474,1635,1970s,1137191612
474,1643,England|Queen Victoria,1137375849|1137375849
474,1645,lawyers,1137374095
474,1650,Henry James,1138031883
474,1653,future,1137205460
474,1663,military,1137375949
474,1672,In Netflix queue,1137202154
474,1674,Amish,1137521041
474,1680,alternate universe,1138031846
474,1682,TV,1137205617
474,1683,Henry James,1137181445
474,1711,Savannah,1137374207
474,1717,sequel|slasher|spoof,1138031833|1138031824|1138031824
474,1719,Canada|death,1139838573|1139838573
474,1721,shipwreck,1138031879
474,1732,Coen Brothers,1138306661
474,1735,Charles Dickens,1137374163
474,1748,amnesia,1138031699
474,1777,1980s,1137205630
474,1797,In Netflix queue,1137201971
474,1810,politics,1137374994
474,1834,twist ending,1138031861
474,1836,No DVD at Netflix,1137179444
474,1893,In Netflix queue,1137201105
474,1900,In Netflix queue,1137201889
474,1902,generation X,1138031706
474,1909,conspiracy,1137205667
474,1912,heist,1138031795
474,1913,Australia,1137191654
474,1917,space,1137373862
474,1921,mathematics,1138031797
474,1931,ships,1138031771
474,1938,alcoholism,1137766211
474,1940,anti-Semitism|Judaism,1137368219|1137368219
474,1942,Huey Long|In Netflix queue|Robert Penn Warren,1137201047|1137201047|1137201047
474,1945,boxing|coulda been a contender,1137191644|1137191644
474,1947,Gangs,1137202674
474,1950,racism,1137520942
474,1951,Dickens,1137191634
474,1952,prostitution,1138031755
474,1953,drugs|police,1137368199|1137368199
474,1954,boxing|sports,1137191671|1137191671
474,1955,divorce,1137181397
474,1957,Olympics|sports,1137181069|1137181069
474,1959,adultery|Africa,1138031923|1138031923
474,1960,China,1137368246
474,1961,autism,1137191663
474,1962,rasicm,1137368186
474,1975,Jason,1137374129
474,1976,Jason,1137373611
474,1977,Jason,1137373908
474,1978,Jason,1137373605
474,1979,Jason,1137373625
474,1983,halloween,1137374175
474,1984,halloween,1137374180
474,1994,ghosts,1138031804
474,1995,ghosts,1137374228
474,1996,ghosts,1137373825
474,1997,demons,1137368191
474,2006,California|Mexico,1138031745|1138031745
474,2011,time travel,1137374084
474,2019,samurai,1137368312
474,2020,adultery,1137368176
474,2022,Bible|Katzanzakis,1137202075|1143683469
474,2028,World War II,1137180952
474,2054,Disney,1138032013
474,2058,police,1138032116
474,2059,twins,1137374214
474,2064,General Motors|Michigan,1138032156|1138032156
474,2065,In Netflix queue,1137202057
474,2066,memory,1138032133
474,2070,music,1137191821
474,2071,AIDs|In Netflix queue,1137200442|1137200442
474,2076,sexuality|suburbia,1137418851|1137418851
474,2078,Disney,1138032023
474,2080,Disney,1138032086
474,2085,Disney,1137191781
474,2097,carnival|Ray Bradbury,1138559451|1138559451
474,2100,mermaid,1137191808
474,2108,weather forecaster,1138032081
474,2114,S.E. Hinton,1137191789
474,2115,archaeology,1137784519
474,2116,Tolkein,1137374427
474,2118,Stephen King,1137191728
474,2121,Stephen King,1137374355
474,2122,Stephen King,1137373696
474,2139,mice,1137521184
474,2145,1980s|high school,1138032148|1138032148
474,2160,demons,1138032159
474,2167,vampires,1137374320
474,2171,aquarium|Boston|personals ads,1137202573|1137202573|1137202573
474,2186,murder,1137205604
474,2187,theater,1140467428
474,2194,Capone|gangsters,1138032218|1138032218
474,2202,survival,1137205513
474,2203,small towns,1138032173
474,2206,paranoia,1137205610
474,2208,train,1137271242
474,2243,journalism,1137205380
474,2247,Mafia,1137374432
474,2248,In Your Eyes|Lloyd Dobbler,1137202613|1137202613
474,2249,Mafia,1137374445
474,2268,court|military,1137191761|1137191761
474,2291,freaks,1137205437
474,2295,Screwball,1137202461
474,2300,Broadway,1137205562
474,2302,court,1137374439
474,2310,adolescence,1138032095
474,2312,death penalty,1137374919
474,2313,freaks,1137205442
474,2324,Holocaust,1137181119
474,2329,racism,1138031951
474,2334,terrorism,1138032178
474,2335,football,1137374560
474,2336,England,1137191737
474,2351,In Netflix queue,1137202131
474,2355,Pixar,1137191711
474,2357,South America,1137205389
474,2360,In Netflix queue,1137201464
474,2390,In Netflix queue,1137202019
474,2391,heist,1138032185
474,2394,Bible|Moses,1137191285|1137202582
474,2396,England,1137191800
474,2410,boxing,1137374485
474,2411,boxing,1137373840
474,2412,boxing,1137373964
474,2420,martial arts,1138032051
474,2421,martial arts,1137374406
474,2422,martial arts,1137374411
474,2423,christmas,1137373883
474,2424,e-mail|remake,1137202717|1137202717
474,2431,doctors,1137373812
474,2442,In Netflix queue,1137201903
474,2463,kidnapping,1137374497
474,2467,religion,1140703344
474,2470,Australia,1137374348
474,2471,Australia,1137373731
474,2491,food,1137374514
474,2494,Holocaust|Hungary,1137179426|1137179426
474,2502,stapler|workplace,1138032123|1138032129
474,2506,disability,1137374460
474,2517,Stephen King,1137373705
474,2529,twist ending,1138032140
474,2550,ghosts,1138032008
474,2553,evil children,1138038893
474,2554,evil children,1138038892
474,2565,Siam,1137191238
474,2571,alternate universe,1137204991
474,2572,Shakespeare sort of,1137374893
474,2579,black and white,1138032056
474,2581,high school,1138032122
474,2583,southern US,1138031988
474,2598,golfing,1137374470
474,2600,virtual reality,1138031996
474,2612,motherhood,1138032112
474,2628,prequel|the Force,1138032197|1138032197
474,2640,superhero,1138032200
474,2641,superhero,1138032201
474,2642,superhero,1137373986
474,2648,In Netflix queue,1137200966
474,2660,aliens,1137521194
474,2664,1950s,1138032017
474,2677,In Netflix queue,1137202023
474,2692,alternate endings,1138032166
474,2693,Star Trek,1138032207
474,2699,spiders,1137373650
474,2710,claims to be true|video,1138031976|1138031976
474,2712,sexuality,1138032003
474,2716,ghosts,1137205464
474,2717,Ghosts,1137373633
474,2719,remake,1137373916
474,2723,superhero,1137205533
474,2726,heist,1137205507
474,2728,crucifixion|Rome|slavery,1137520905|1137520896|1137520896
474,2745,Missionary|Priest,1137202541|1137191266
474,2750,nostalgia|radio,1137443255|1137443255
474,2761,robots,1138032019
474,2762,ghosts|I see dead people,1137205068|1137202627
474,2787,Stephen King,1137374342
474,2791,aviation|spoof,1138031941|1138031941
474,2797,children,1138032265
474,2801,gambling,1137205541
474,2803,lawyers,1137374982
474,2804,Christmas,1137191720
474,2827,aliens,1137374307
474,2863,Beatles,1138032352
474,2871,river,1138032293
474,2872,England|King Arthur,1137191745|1137191745
474,2905,In Netflix queue,1137201967
474,2915,prostitution,1137374478
474,2918,High School,1137191753
474,2919,Academy award (Best Supporting Actress)|Indonesia|journalism,1137367916|1137367916|1137367916
474,2927,adultery,1138032272
474,2935,gambling,1138032373
474,2937,screwball,1137205550
474,2939,In Netflix queue,1137202140
474,2940,nightclub,1138032341
474,2941,island,1138032457
474,2943,Vietnam,1138804253
474,2952,gambling,1137191914
474,2959,violence,1137205034
474,2966,brothers|lawn mower,1138032507|1138032507
474,2967,evil children,1138038912
474,2968,time travel,1138032520
474,2987,live action/animation,1138032544
474,3000,anime,1138032418
474,3006,tobacco|true story,1138032361|1138032361
474,3007,In Netflix queue,1137201930
474,3011,dance marathon,1137191967
474,3028,Shakespeare,1137374544
474,3030,samurai,1138032553
474,3039,class,1138032532
474,3040,camp,1137373789
474,3044,memory|music,1137202357|1137202357
474,3052,religion,1137191859
474,3060,In Netflix queue,1137201892
474,3071,high school,1137375023
474,3072,New York,1137191274
474,3077,In Netflix queue|Up series,1137201542|1137201543
474,3081,Ichabod Crane,1137374535
474,3087,christmas|new york,1137271226|1137271222
474,3095,depression|dust bowl,1137205475|1137205475
474,3097,remade,1138032435
474,3098,baseball|sports,1137201875|1137201875
474,3101,adultery,1138032312
474,3108,homeless,1137374925
474,3111,racism,1138032385
474,3114,Pixar,1138032529
474,3115,men in drag,1137191883
474,3125,Graham Greene,1137191874
474,3135,fatherhood,1138032346
474,3147,Stephen King,1137191901
474,3152,black-and-white,1137521245
474,3160,L.A.,1137202527
474,3174,Andy Kaufman,1137191943
474,3175,spoof,1138032315
474,3176,Europe|murder,1137202659|1137202659
474,3178,boxing,1137374389
474,3181,Shakespeare,1137179352
474,3192,In Netflix queue,1137201464
474,3210,high school,1137374381
474,3211,a dingo ate my baby|Australia,1137191854|1137191854
474,3247,nuns,1137374526
474,3250,In Netflix queue,1137202163
474,3258,plastic surgery,1137375095
474,3259,Ireland,1137375116
474,3260,E.M. Forster,1137181368
474,3263,basketball,1137374566
474,3270,figure skating,1137375084
474,3273,slasher|spoof,1138032428|1138032428
474,3281,sexuality,1137374330
474,3306,big top|circus,1137205399|1137205399
474,3307,blind,1137205412
474,3310,orphans,1138032366
474,3317,writing,1138032548
474,3330,adolescence|sexuality,1138032469|1138032498
474,3338,In Netflix queue,1137201680
474,3341,remade,1138032286
474,3360,basketball,1137784798
474,3384,subway,1138032512
474,3385,Peace Corp,1137374553
474,3386,politics|president,1137191934|1137191934
474,3408,scandal|true story,1138032304|1138032304
474,3420,lawyers,1137375055
474,3421,college|TOGA,1137374581|1137374587
474,3424,racism,1137191865
474,3429,aardman,1140626569
474,3435,Insurance,1137520877
474,3447,Pearl S Buck,1137191895
474,3451,Hepburn and Tracy|interracial marriage|prejudice|racism,1137181361|1137205479|1137205481|1137205477
474,3456,In Netflix queue,1137201463
474,3461,island,1138032377
474,3462,factory,1137205526
474,3468,pool,1137521005
474,3469,court|evolution|religion,1137375171|1137375171|1137375171
474,3475,class,1138032413
474,3481,Nick Hornby,1137181093
474,3489,Peter Pan,1137191920
474,3498,In Netflix queue,1137201900
474,3502,death,1137375216
474,3504,journalism,1137191950
474,3507,In Netflix queue,1137200453
474,3512,transplants,1137205572
474,3515,alternate endings,1138032711
474,3526,families,1138032724
474,3528,psychiatrist,1137374751
474,3536,priest|rabbi,1137181376|1137181376
474,3546,show business,1138032886
474,3548,1920s,1137205331
474,3549,Gambling,1137191235
474,3552,golf,1137374630
474,3556,1970s|suicide,1138032871|1138032871
474,3559,In Netflix queue,1137202015
474,3566,business|religion,1137205342|1137205342
474,3608,Pee Wee Herman,1138032732
474,3629,mining,1138032660
474,3675,Christmas,1137205636
474,3676,In Netflix queue,1137202167
474,3683,Coen Brothers,1137521124
474,3712,television,1137375317
474,3723,Shakespeare,1137191908
474,3724,Vietnam,1137201954
474,3730,spying,1138032598
474,3735,police,1138032794
474,3793,superhero,1137205670
474,3801,court,1137191841
474,3811,court,1138032584
474,3816,missing children,1138032720
474,3844,diabetes,1137375348
474,3849,disability,1138032820
474,3859,In Netflix queue|televangelist,1137201554|1137201554
474,3877,superhero,1137374791
474,3897,journalism|music|Rolling Stone,1137205322|1137205322|1137205322
474,3910,blindness|factory,1138032613|1138032613
474,3911,Dogs,1137181343
474,3932,invisibility,1138032669
474,3949,drug abuse,1137192093
474,3951,In Netflix queue,1137179732
474,3967,ballet,1137191989
474,3983,family,1137205683
474,3988,Dr. Seuss,1137373756
474,3994,superhero,1137205619
474,3996,china|martial arts,1138032606|1138032600
474,4007,business,1138032878
474,4012,stand-up comedy,1137374767
474,4019,writing,1138032630
474,4024,Edith Wharton,1137375144
474,4025,pageant,1137374719
474,4027,bluegrass,1137520959
474,4029,movies,1137205589
474,4034,based on a TV show,1137784729
474,4046,Quakers,1138032635
474,4077,psychopaths,1138039049
474,4105,zombies,1137374672
474,4113,Tennessee Williams,1137192025
474,4117,In Netflix queue,1137200919
474,4138,demons,1137373794
474,4160,death penalty,1137205651
474,4164,homeless|New York,1138032589|1138032589
474,4166,reality TV,1137374777
474,4171,Eugene O'Neill,1137192041
474,4174,In Netflix queue,1137200882
474,4184,Christmas,1138032577
474,4189,Bible|religion,1137375121|1137375121
474,4190,preacher|religion,1137520919|1137520919
474,4191,sexuality,1138032573
474,4194,In Netflix queue,1137201575
474,4204,virginity,1137373770
474,4210,Hannibal Lecter|serial killer,1139059882|1139059887
474,4211,von Bulow,1137192103
474,4214,college,1137374771
474,4218,In Netflix queue,1137202093
474,4221,football,1137374725
474,4226,Backwards. memory,1137191263
474,4232,spying,1138032824
474,4246,singletons,1137205374
474,4259,Nabokov,1137192047
474,4263,alcoholism,1138032622
474,4292,Union,1137192082
474,4296,death,1137374704
474,4306,fairy tales,1137205586
474,4312,In Netflix queue,1137202173
474,4316,figure skating,1137375157
474,4326,race|rasicm,1137375204|1137375204
474,4333,Strangers on a Train,1138032832
474,4347,Holocaust,1138032626
474,4356,In Netflix queue,1137201794
474,4359,adultery,1138032800
474,4361,men in drag,1138032838
474,4370,robots,1137205306
474,4380,accident,1138032770
474,4396,race,1137373684
474,4404,In Netflix queue,1137200537
474,4447,lawyers,1138032674
474,4448,heist,1138032773
474,4465,rape,1138032565
474,4476,twins,1137374622
474,4477,circus,1137373669
474,4489,Africa|immigrants,1137766266|1137374636
474,4495,New York,1137202342
474,4526,aliens,1137373948
474,4537,hippies,1137205576
474,4545,robots,1137374781
474,4546,kidnapping|remade,1138032855|1138032855
474,4558,twins,1137374798
474,4571,time travel,1137205348
474,4600,doctors,1137375124
474,4621,babies,1137374699
474,4623,baseball,1137374712
474,4638,dinosaurs,1137374692
474,4639,Hollywood|movie business,1137375071|1137375071
474,4641,adolescence,1138032652
474,4677,dogs,1137373991
474,4678,television,1138032842
474,4688,In Netflix queue,1137201126
474,4787,prodigies,1138032687
474,4801,family,1138032678
474,4808,remake,1137374805
474,4809,Nuclear disaster|union,1137367824|1137367824
474,4812,NASA|space,1137374786|1137374786
474,4823,wedding,1138032791
474,4835,Loretta Lynn,1137192003
474,4857,Judaism|Tradition!,1138039170|1137192017
474,4874,aliens|psychiatrist,1137375186|1137375186
474,4878,time travel,1137205781
474,4881,Coen Brothers,1137192055
474,4896,Magic|Wizards,1137205893|1137205893
474,4902,ghosts,1137367852
474,4920,psychology,1138039319
474,4963,heist,1138039322
474,4969,In Netflix queue,1137179563
474,4970,nightclub|singers,1138039117|1138039117
474,4973,whimsical,1137202289
474,4979,new york,1137271220
474,4980,time travel,1138039109
474,4993,Tolkein,1137181125
474,4998,racism,1139102582
474,5008,Agatha Christie|court,1138039430|1138039430
474,5012,cross dressing|Judaism,1138039463|1138039463
474,5015,race,1138039271
474,5034,Ghost,1137191298
474,5064,Dumas|revenge,1138039163|1138039163
474,5114,movie business,1138039083
474,5120,In Netflix queue,1137200871
474,5135,India,1137192060
474,5139,baseball,1137373653
474,5213,religion,1137373958
474,5224,In Netflix queue,1137201464
474,5238,In Netflix queue,1137202052
474,5266,crime,1138039345
474,5291,In Netflix queue|samurai,1137200907|1142282530
474,5294,religion,1138039177
474,5304,In Netflix queue,1137200961
474,5316,World War II,1137375111
474,5349,superhero,1137206068
474,5353,blind,1137784621
474,5377,Nick Hornby,1137181073
474,5379,anti-Semitism|Judaism,1137205732|1137205732
474,5398,boxing,1138039410
474,5404,books,1138039075
474,5445,future,1137206007
474,5446,Australia,1137181573
474,5450,sisterhood|women,1138039255|1138039255
474,5451,disability|mental illness,1137375287|1137375287
474,5470,Oscar Wilde,1137181530
474,5475,In Netflix queue,1137201978
474,5483,movie business,1137181538
474,5498,In Netflix queue,1137179781
474,5502,aliens,1137206065
474,5505,adultery|younger men,1137205854|1137205854
474,5527,AS Byatt|books,1138039372|1138039372
474,5528,photography|psychopaths,1138039335|1138039335
474,5548,homeless,1137374645
474,5577,adolescence,1138039226
474,5601,Animal movie,1138039452
474,5603,crime|heist,1138039241|1138039241
474,5618,anime,1137206076
474,5629,Bible,1137374683
474,5630,Hannibal Lecter,1139059884
474,5633,bombs,1138039202
474,5644,baseball|Lou Gehrig,1138039381|1138039381
474,5669,violence in america,1138039133
474,5673,pudding,1137206033
474,5682,Holocaust,1138039189
474,5685,Girl Power,1137206048
474,5690,made me cry|orphans,1137205866|1137205866
474,5721,In Netflix queue|Judaism,1137200976|1137200976
474,5747,World War I,1137181512
474,5791,art,1138039181
474,5792,dating,1137375296
474,5802,teenagers,1138039442
474,5812,salute to Douglas Sirk,1137181505
474,5816,Magic|Wizards,1137205882|1137205882
474,5820,music business,1138039419
474,5875,short films,1137375257
474,5876,Graham Greene,1138039395
474,5878,coma,1138039423
474,5899,Africa,1137442538
474,5952,Tolkein,1137181130
474,5954,crime|nightclub,1138039070|1138039070
474,5971,anime,1138039281
474,5989,crime,1138039137
474,5991,court|jazz|murder,1138039145|1138039140|1138039142
474,5994,Dickens,1138039286
474,5995,Holocaust,1137181562
474,6002,drugs|planes|widows/widowers,1138307168|1138307168|1138307168
474,6003,television,1138307058
474,6016,crime|photography|violence,1138039157|1138039157|1138039157
474,6020,class,1138307024
474,6027,In Netflix queue,1137200848
474,6031,motherhood|race,1138039234|1138039234
474,6041,In Netflix queue,1137200888
474,6063,doll,1137375194
474,6090,ghosts,1138307131
474,6101,Chile|politics|South America,1137900975|1137900975|1137900975
474,6104,spoof,1138039279
474,6156,England,1138307301
474,6159,adolescence,1138307031
474,6163,obsession,1137205905
474,6170,horses,1138307048
474,6178,blind|blindness|race,1138039358|1138039358|1138039358
474,6181,Civil War|Stephen Crane,1138039404|1138039404
474,6183,Day and Hudson|sexuality,1138039366|1138039366
474,6195,books|Stones of Summer,1138498655|1138498655
474,6197,mental illness,1138307351
474,6201,England,1137191244
474,6216,World War II,1138307229
474,6218,soccer,1138039102
474,6228,In Netflix queue,1137201613
474,6232,animal movie|lions,1138039126|1138039125
474,6235,Holocaust|World War II,1138307079|1138307079
474,6238,immigrants,1138307096
474,6242,television,1138307280
474,6244,In Netflix queue,1137201921
474,6245,prostitution,1138307361
474,6254,screwball,1137181469
474,6268,adolescence,1138307261
474,6269,Big Brothers,1137206096
474,6273,L.A.,1137521025
474,6281,crime,1138307249
474,6286,amnesia,1138039259
474,6288,gangs,1138307044
474,6289,Titanic,1138307085
474,6291,prostitution,1138039248
474,6296,mockumentary,1138039267
474,6297,children,1138307101
474,6299,birds,1138307384
474,6305,Ray Bradbury,1137181490
474,6308,lawyers,1137374834
474,6327,1970s|movies,1138486479|1137200584
474,6331,spelling bee,1138039807
474,6333,Jean Grey|Magneto|Rogue|superhero|Wolverine,1137202706|1137202706|1137202706|1137205082|1137202706
474,6334,teachers,1138039540
474,6337,gambling,1138307244
474,6339,trains,1138307176
474,6341,art,1138307304
474,6350,anime,1138039543
474,6367,retro,1138039562
474,6368,movies,1138307051
474,6373,religion,1137375076
474,6375,In Netflix queue|They Might Be Giants,1137200486|1137200486
474,6377,Disney|fish,1138039593|1138039593
474,6378,heist,1138307128
474,6380,child abuse,1137205738
474,6385,Girl Power,1137202810
474,6390,Ninotchka remake,1138307320
474,6400,crime,1138307197
474,6407,Olympics|Tokyo,1137374882|1137374882
474,6422,Civil War,1138039799
474,6440,movie business,1138307037
474,6452,In Netflix queue,1137201737
474,6454,Nazis,1138307204
474,6466,In Netflix queue,1137202027
474,6502,zombies,1137181462
474,6515,fugitive,1137206135
474,6516,In Netflix queue,1137202127
474,6535,politics,1137374839
474,6536,swashbuckler,1138307326
474,6539,swashbuckler,1138307257
474,6545,Dodie Smith,1137181524
474,6547,flood,1137375241
474,6552,immigration,1138039559
474,6565,horses,1138307288
474,6579,Japan,1138307236
474,6591,religion,1138039719
474,6592,marriage,1138039795
474,6603,Othello,1137375103
474,6609,Bible,1138307089
474,6620,cancer,1137205715
474,6636,road trip,1138307356
474,6639,blindness,1138307381
474,6650,family|multiple roles|murder,1138039708|1138039708|1138039708
474,6660,ballet,1138307265
474,6662,Clousseau,1137375266
474,6667,FBI,1138307378
474,6668,In Netflix queue,1137179689
474,6669,terminal illness,1138039639
474,6708,con men|fatherhood,1138307183|1138307183
474,6710,vertriloquism,1138307069
474,6711,Japan,1138307143
474,6713,In Netflix queue,1137201914
474,6724,In Netflix queue,1137201684
474,6732,matchmaker,1137375130
474,6744,vampire,1137375236
474,6753,Animal movie,1138307295
474,6768,religion,1138039714
474,6770,adultery|terminal illness,1138307212|1138307212
474,6773,biking,1138307369
474,6776,India,1137181544
474,6785,Lonesome Polecat,1137206059
474,6786,In Netflix queue,1137201845
474,6787,journalism|Watergate,1138039529|1138039529
474,6788,pregnancy,1137374818
474,6791,Food,1137191312
474,6807,british comedy,1138307193
474,6810,domestic violence,1138307335
474,6820,werewolf,1138039608
474,6832,amnesia,1138307274
474,6849,Christmas,1137374871
474,6852,black and white|Capote|crime|death penalty|murder,1138307125|1138307125|1138307125|1138307125|1138307125
474,6856,biopic,1138039917
474,6863,school,1138307284
474,6867,trains,1138039811
474,6870,child abuse|kidnapping,1138307224|1138307224
474,6874,martial arts|revenge,1138039672|1138039672
474,6881,Thanksgiving,1137181567
474,6890,adolescence|violence in america,1138039574|1138039574
474,6909,transplants,1138039587
474,6912,Rita Hayworth can dance!,1137179371
474,6918,India,1138039870
474,6932,journalism,1137181582
474,6936,christmas,1138039581
474,6944,remake|wedding,1137374824|1137374824
474,6948,music business|rap,1138039867|1138039867
474,6963,Amish,1137181478
474,6970,Hepburn and Tracy,1137521576
474,6979,Cold War,1138039874
474,6981,religion,1138039909
474,6984,Dickens,1138039822
474,6985,saint,1137206024
474,6993,family,1138039618
474,7013,good and evil,1137206020
474,7018,court|Scott Turow,1137375276|1137375276
474,7023,In Netflix queue,1137179697
474,7025,In Netflix queue,1137179593
474,7049,Astaire and Rogers,1137784580
474,7050,Astaire and Rogers,1137784592
474,7053,Astaire and Rogers,1138039791
474,7055,Astaire and Rogers,1138039819
474,7059,horses,1138039728
474,7061,terminal illness,1138039554
474,7062,birds|prison,1138039535|1138039535
474,7069,In Netflix queue|Shakespeare,1137201628|1137201628
474,7070,cattle drive,1138039780
474,7071,In Netflix queue,1137201154
474,7073,Clousseau,1137375451
474,7079,disability,1137375406
474,7086,George Bernard Shaw,1137201703
474,7087,E.M. Forster,1138039751
474,7088,In Netflix queue,1137202031
474,7090,martial arts,1138039622
474,7091,Marx brothers,1138559500
474,7121,Hepburn and Tracy,1137181204
474,7132,Marx brothers|opera,1138039735|1138039735
474,7139,immigrants,1138039653
474,7141,In Netflix queue,1137201569
474,7153,Tolkein,1137181217
474,7156,Vietnam,1138039601
474,7158,real estate,1137205933
474,7160,serial killer,1138039725
474,7162,Civil War,1138039548
474,7190,Charlotte Bronte,1140047502
474,7212,cross dressing|men in drag,1138039664|1138039664
474,7217,amnesia,1137521621
474,7218,In Netflix queue,1137179905
474,7219,truckers,1138039826
474,7234,circus,1137206103
474,7256,mountain climbing,1138039857
474,7285,adolescence,1138039837
474,7301,priest|religion,1137521429|1137521429
474,7318,religion,1138039757
474,7323,Cold War,1138039614
474,7361,memory,1137205808
474,7371,Grace,1137205800
474,7382,adolescence|crime,1138039629|1138039629
474,7438,revenge,1137205948
474,7440,Holocaust,1142279175
474,7451,High School,1137205962
474,7479,World War II,1138039893
474,7493,multiple personalities,1138039850
474,7572,cancer,1137181595
474,7584,Hepburn and Tracy|marriage,1138039906|1138039906
474,7614,Rogers and Hammerstein,1138040199
474,7618,biopic|In Netflix queue,1137201647|1137201648
474,7619,blindness|deaf,1138040167|1138040171
474,7646,Stephen King,1137374860
474,7649,space station,1138039958
474,7700,In Netflix queue,1137201116
474,7705,Hepburn and Tracy|sports,1137521641|1137521641
474,7713,sexuality,1138040011
474,7714,King Arthur,1138039998
474,7728,adultery,1138040205
474,7748,In Netflix queue,1137202002
474,7766,MacBeth,1138040268
474,7789,terrorism,1138039932
474,7792,In Netflix queue,1137200939
474,7831,Nick and Nora Charles,1137201638
474,7832,Nick and Nora Charles,1137201717
474,7833,Nick and Nora Charles,1137201661
474,7834,Nick and Nora Charles,1137200666
474,7835,Nick and Nora Charles,1137201747
474,7924,In Netflix queue,1137201677
474,7926,In Netflix queue,1137179753
474,7932,Amtrak|Homeless|independent|New York|Sundance award winner|Train,1137271192|1137271192|1137271192|1137271192|1137271191|1137271192
474,7934,psychology,1138040275
474,7981,police,1138040118
474,7983,show business,1138039989
474,8011,politics,1143998541
474,8014,In Netflix queue,1137200544
474,8019,remade,1138040062
474,8033,In Netflix queue,1137200492
474,8094,In Netflix queue,1137179631
474,8153,Van Gogh,1137375419
474,8167,swashbuckler,1138040004
474,8183,In Netflix queue,1137201001
474,8188,Not available from Netflix,1137179956
474,8190,In Netflix queue,1137201864
474,8191,Anne Boleyn,1138039949
474,8197,In Netflix queue,1137202144
474,8207,assassination,1138040067
474,8228,heist,1138040147
474,8235,Clock,1137202793
474,8266,Prince,1137375433
474,8275,In Netflix queue,1137201789
474,8337,military,1138039993
474,8338,convent|religion,1138039973|1138039973
474,8341,Dickens,1137200651
474,8360,ogres,1138040236
474,8366,pregnancy|religion,1138040220|1138040220
474,8368,Magic|Wizards,1137202784|1137202784
474,8375,politics,1137375412
474,8376,high school,1138040176
474,8379,In Netflix queue,1137200899
474,8382,death,1137375392
474,8424,divorce,1138040077
474,8446,World War II,1137375442
474,8463,deafness,1138040133
474,8464,food|McDonalds,1138040254|1138040254
474,8507,circus,1138040090
474,8530,Ireland,1138040071
474,8580,fairy tales|In Netflix queue,1137201021|1137201021
474,8607,In Netflix queue,1137201077
474,8609,In Netflix queue,1137179727
474,8622,politics|terrorism,1138040083|1138040083
474,8636,Doc Ock,1137202798
474,8638,generation X,1138039967
474,8645,drugs|immigrants,1138040155|1138040155
474,8695,court,1137375369
474,8714,Cole Porter,1137375425
474,8754,Oscar (Best Actress),1142282521
474,8765,In Netflix queue,1137179707
474,8784,psychology,1138040105
474,8796,Rome,1137375385
474,8809,Australia,1138040052
474,8827,Stand Up,1138039969
474,8838,In Netflix queue,1137179758
474,8874,zombies,1138040225
474,8875,alcoholism|marriage,1138040042|1138040042
474,8879,Agatha Christie|Oscar (Best Supporting Actress)|train,1145755135|1145755138|1145755140
474,8880,disability,1138040162
474,8914,time travel,1138040211
474,8920,Oscar (Best Actress),1142282522
474,8938,parenthood|psychology,1138040262|1138040262
474,8943,stage,1137375373
474,8949,wine,1138040242
474,8950,psychology,1138040138
474,8951,abortion,1138040272
474,8958,biopic,1138040214
474,8961,Disney|superhero,1138040115|1138040115
474,8970,Peter Pan,1138040086
474,8979,Hearst,1137521449
474,8983,martial arts,1138040109
474,8998,In Netflix queue,1137179738
474,9018,journalism,1138040046
474,25753,gold,1139940948
474,25825,revenge,1137205843
474,25841,show business,1138040249
474,25855,In Netflix queue,1137179637
474,25865,In Netflix queue,1137201652
474,25886,made me cry,1137206038
474,25940,mirrors,1137521290
474,25952,In Netflix queue,1137179713
474,26085,Not available from Netflix,1137179665
474,26131,In Netflix queue,1137200982
474,26151,donkey,1145749895
474,26242,In Netflix queue,1137179570
474,26662,anime,1138040136
474,26776,In Netflix queue,1137179786
474,27731,In Netflix queue,1137201122
474,27741,In Netflix queue,1137179587
474,27790,religion|saints,1138040326|1138040326
474,27820,Animal movie|camels,1138040358|1138040358
474,27834,fatherhood,1138040348
474,27838,revenge,1137205953
474,27878,India,1138038974
474,27882,surfing,1139939407
474,30707,boxing,1138040320
474,30749,genocide,1137205917
474,30793,roald dahl,1138038979
474,30812,biopic|Howard Hughes|movie business,1138038949|1138038949|1138038949
474,30820,child abuse,1137206121
474,30822,busniess,1137205938
474,30850,Shakespeare,1137181555
474,31030,motherhood,1138040311
474,31437,orphans,1138040341
474,31658,06 Oscar Nominated Best Movie - Animation|In Netflix queue,1145451856|1137201531
474,31903,marriage,1138040364
474,31923,In Netflix queue,1137200865
474,32160,In Netflix queue,1137179674
474,32371,In Netflix queue,1137202044
474,32582,birds|parrots,1138804206|1138804206
474,32584,fatherhood,1138038959
474,33154,business|money|scandal,1137766122|1137766122|1137766123
474,33166,racism,1138038982
474,33493,space|space opera,1137206087|1137206087
474,33660,boxing,1137201602
474,34271,hip hop,1141848751
474,34359,pregnancy,1138040301
474,34405,Firefly,1137181624
474,34437,In Netflix queue,1137179720
474,34482,In Netflix queue,1137202180
474,34528,pregnancy,1139693892
474,34542,Animal movie|bears,1138039000|1138039000
474,35015,Animal movie|In Netflix queue,1137180081|1137202200
474,36517,Africa|business|politics,1139234947|1139234947|1139234947
474,36527,mathematics,1137201998
474,36535,In Netflix queue,1137201162
474,37240,In Netflix queue,1138804230
474,37729,06 Oscar Nominated Best Movie - Animation,1139059938
474,37733,In Netflix queue,1137200955
474,37736,Dickens,1139940656
474,37741,Truman Capote,1142996187
474,38038,06 Oscar Nominated Best Movie - Animation|Aardman,1139664190|1139664221
474,38061,In Netflix queue,1137179624
474,38886,divorce,1145451837
474,39234,courtroom drama|In Netflix queue,1140576326|1137202089
474,39292,In Netflix queue|journalism|McCarthy hearings|Morrow,1137201595|1137201595|1137201595|1137201595
474,40583,In Netflix queue,1137200527
474,40629,In Netflix queue,1137179797
474,40815,Magic|Wizards,1137202776|1137202776
474,40819,Johnny Cash,1137200595
474,41566,C.S. Lewis,1137181617
474,41997,In Netflix queue,1137179603
474,42002,In Netflix queue,1137202150
474,42740,In Netflix queue,1138804237
477,32,Brad Pitt|Bruce Willis|mindfuck|Post apocalyptic|post-apocalyptic|remake|time travel|twist ending,1242494310|1242494306|1242494321|1242494300|1242494300|1242494315|1242494304|1242494302
477,34,villain nonexistent or not needed for good story,1244787845
477,104,Adam Sandler,1244787691
477,216,Adam Sandler|stop looking at me swan,1244787718|1244787726
477,318,Morgan Freeman,1244566076
477,541,androids|artificial intelligence|atmospheric|cyberpunk|future|mindfuck|Philip K. Dick,1262795764|1262795769|1262795768|1262795770|1262795772|1262795778|1262795776
477,589,Scifi masterpiece,1201166474
477,593,disturbing|drama|gothic|psychology|suspense,1241396359|1241396391|1241396378|1241396367|1241396389
477,733,Michael Bay|terrorism,1241938858|1241938853
477,750,black comedy|dark comedy|satire,1242494959|1242494953|1242494951
477,832,GIVE ME BACK MY SON!|It was melodramatic and kind of dumb|Mel Gibson,1269832636|1269832633|1269832629
477,903,Alfred Hitchcock|Atmospheric|imdb top 250|James Stewart,1242577125|1242577135|1242577117|1242577112
477,904,imdb top 250|James Stewart|mystery|photographer|photography,1242577077|1242577056|1242577064|1242577068|1242577070
477,908,Alfred Hitchcock|imdb top 250,1242577097|1242577100
477,922,eerie|movie business,1245030098|1245030089
477,1089,humorous|neo-noir|Quentin Tarantino|religion|Tarantino,1242494883|1242494879|1242494874|1242494896|1242494887
477,1196,classic|George Lucas|Harrison Ford|music|original plot|sci-fi|sequel,1262795806|1262795793|1262795792|1262795815|1262795808|1262795797|1262795800
477,1219,Alfred Hitchcock|black and white|imdb top 250|remade,1242577153|1242577173|1242577161|1242577165
477,1222,anti-war,1242494925
477,1274,animation|anime|visually stunning,1244787931|1244787929|1244787944
477,2393,cameo:Whoopi Goldberg|space opera|Star Trek,1242278473|1242278463|1242278464
477,2694,Adam Sandler,1244787788
477,2706,best comedy|Chris Klein|dumb|Jason Biggs|not funny|pizza beer|Seann William Scott|teen,1244707216|1244707221|1244707211|1244707223|1244707227|1244707207|1244707224|1244707202
477,2761,animation,1244787872
477,3000,adventure|atmospheric|fantasy world|Studio Ghibli|surreal,1241396438|1241396434|1241396427|1241396420|1241396422
477,3527,aliens|Arnold Schwarzenegger|dialogue|guns|Jesse Ventura|macho|sci-fi|scifi cult,1278683918|1269832592|1269832605|1278683912|1269832593|1269832597|1269832609|1269832612
477,3994,atmospheric|comics|father-son relationship|mindfuck|unique,1241396301|1241396280|1241396313|1241396308|1241396293
477,4226,mystery|twist ending,1256051072|1256051079
477,4454,claymation|creativity|dystopia|free to download|imagination|no dialogue|social commentary,1245030193|1245030187|1245030190|1245030175|1245030178|1245030196|1245030185
477,4725,mental hospital|psychology|suspense|Well Done,1252820163|1252820170|1252820168|1252820180
477,4878,dreamlike|hallucinatory|mental illness|psychology|social commentary|teen|thought-provoking,1242494462|1242494486|1242494483|1242494469|1242494478|1242494496|1242494462
477,5459,crappy sequel|first was much better|sequel,1262795620|1262795632|1262795653
477,7361,cult film|imagination|Jim Carrey|love|surreal,1242494340|1256051047|1242494357|1256051045|1256051041
477,7439,comic book,1201196824
477,8783,Atmospheric|good soundtrack|M. Night Shyamalan,1242580424|1242580444|1242580441
477,8961,animation|Samuel L. Jackson,1244789192|1244789197
477,41569,big budget,1262795959
477,42422,love,1252377761
477,45499,Halle Berry|Hugh Jackman,1262795979|1262795972
477,45730,bad|disappointing|faerie tale|fairy tale|far fetched|M. Night Shyamalan|Paul Giamatti,1242580531|1242580521|1242580526|1242580523|1242580497|1242580504|1242580508
477,47610,costume drama|Edward Norton|magic|Paul Giamatti,1242580608|1242580578|1242580595|1242580580
477,52885,dreamlike,1256051008
477,53468,zombies,1254101434
477,54503,friendship|high school|Michael Cera|nerds|self discovery|shenanigans|virginity,1244566102|1244566117|1244566094|1244566133|1244566119|1244566122|1244566127
477,55167,anime,1282924582
477,56174,alone in the world|apocalypse|based on a book|last man on earth|plot holes|Post apocalyptic|post-apocalyptic|religion|vampire,1262795676|1262795677|1262795681|1262795684|1262795671|1262795695|1262795699|1262795669|1262795702
477,56367,Michael Cera|notable soundtrack|pregnancy|teenage pregnancy|witty,1244566158|1244566156|1244566154|1244566153|1244566176
477,57669,black comedy|Colin Farrell|dark comedy|drugs|friendship|irreverent|Ralph Fiennes|stylized,1269832562|1269832561|1269832559|1269832564|1269832567|1269832579|1269832572|1269832574
477,59141,movies about movies,1241396155
477,60069,last man on earth|love story|Post apocalyptic|social commentary,1241396252|1241396256|1241396239|1241396236
477,61323,Brad Pitt|Coen Bros|Coen Brothers|dark comedy|espionage|George Clooney|John Malkovich|satire|twists & turns|weird,1269832483|1269832486|1269832484|1269832488|1269832491|1269832490|1269832492|1269832497|1269832504|1269832501
477,62336,2D animation|cult film|stylish|surreal,1282924611|1282924621|1282924615|1282924617
477,66934,joss whedon|Nathan Fillion|Neil Patrick Harris|parody,1244788368|1244788378|1244788374|1244788359
477,67087,Andy Samberg|bromance|bromantic|comedy|Jaime Pressly|Jason Segel|masculinity|Paul Rudd,1269833868|1269833887|1269833884|1269833878|1269833873|1269833863|1269833871|1269833866
477,68237,2001-like|Sci-fi|solitude,1252898614|1252898620|1252898625
477,68319,bad plot|comic book|hugh jackman|Ryan Reynolds|too many characters,1262795886|1241938912|1262795892|1262795891|1241941484
477,68358,future|lack of development|lack of story|quick cuts|sci-fi|Simon Pegg|space|space travel|time travel,1245030304|1262795924|1262795926|1245030309|1262795933|1245030316|1262795932|1262795931|1262795929
477,68791,artificial intelligence|bad acting|bad plot|bad script|Christian Bale|FIGHTING THE SYSTEM|franchise|new composer|post-apocalyptic|robots|sci-fi|sequel,1262795849|1262795862|1262795842|1262795859|1262795846|1262795852|1262795875|1243401981|1262795854|1243401992|1262795871|1262795873
477,68945,Recap,1246349071
477,69526,bad plot|Michael Bay|needed more autobots|plot holes|ridiculous|Shia LaBeouf|stop using useless characters for filler,1262795720|1262795729|1246346162|1262795732|1262795737|1246346172|1246346159
477,69757,artistic|Funny|humorous|inspiring|intelligent|quirky|romance|Zooey Deschanel,1279956134|1279956141|1279956124|1279956130|1279956132|1279956145|1279956123|1279956120
477,70286,intelligent sci-fi,1250476969
477,72224,bad humor,1296891269
477,72998,bad science|futuristic|graphic design|James Cameron|military|poor dialogue|sci-fi|superficial plot|unoriginal|white guilt,1262707524|1262707531|1262707532|1262707536|1262707534|1262707537|1262707551|1262707525|1262794416|1262707542
477,79132,dreamlike|surreal|visually appealing,1280608188|1280608178|1280608181
477,79702,geeky|Michael Cera|stylized|video games,1282923864|1282923853|1282923856|1282923860
477,82242,male nudity,1293690470
477,82461,action choreography|Horrid characterisation|Poor plot development|sequel|soundtrack,1296891206|1296891200|1296891195|1296891202|1296891203
487,112552,passion|psychological|suspense,1429347541|1429347541|1429347541
506,112552,jazz|music|tense,1424487178|1424487178|1424487178
509,80834,adventure|animation|fantasy,1435992979|1435992979|1435992979
513,750,purity of essence|Slim Pickens,1159980456|1159980456
513,6787,Deep Throat,1159980769
520,3039,Dan Aykroyd,1326608424
520,60516,enjoyable,1326610782
533,356,bubba gump shrimp|lieutenant dan|stupid is as stupid does,1424753866|1424753866|1424753866
537,527,based on a true story|biography|disturbing|holocaust,1424142072|1424142112|1424142113|1424142110
537,1625,Mystery,1424141701
537,1721,romance,1424141922
537,2329,edward norton|emotional|politics,1424141449|1424141459|1424141461
537,2571,philosophy|post apocalyptic,1424141098|1424141101
537,3949,depressing|psychology,1424141547|1424141551
537,5989,cheating|intelligent|Leonardo DiCaprio|lies|smart|Tom Hanks|twists & turns,1424139697|1424139627|1424139605|1424139629|1424139670|1424139608|1424139659
537,8533,memory loss|romance|sad,1424141963|1424141953|1424141974
537,55765,corruption|Denzel Washington|mafia|organized crime,1424139519|1424139515|1424139559|1424139529
537,58295,heist|robbery|small time criminals,1424139043|1424139058|1424139056
537,69122,casino|comedy|funny|hotel|Las Vegas,1424140307|1424140299|1424140317|1424140308|1424140298
537,69481,war,1424144802
537,72998,beautiful scenery|graphic design|music|politics|romance|thought-provoking|too long|visually stunning,1424140229|1424140242|1424140259|1424140263|1424140252|1424140286|1424140237|1424140233
537,79132,big budget|clever|complicated|dead wife|great soundtrack|heist|intellectual|mindfuck|philosophy|psychological|psychology|suspense|thought-provoking,1424140151|1424140142|1424140133|1424140200|1424140118|1424140154|1424140159|1424140185|1424140124|1424140165|1424140162|1424140144|1424140130
537,80489,crime|FBI|romance|too much love interest,1424139483|1424139489|1424139421|1424139454
537,80906,business|corruption|economics|investor corruption|politics|truth,1424461859|1424461848|1424461852|1424461854|1424461849|1424461857
537,89745,Captain America|silly|superhero|superhero team,1424140576|1424140613|1424140571|1424140598
537,90439,bank|big corporations|business|corruption|financial crisis|Kevin Spacey|realistic|suspense|Wall Street,1424141059|1424138651|1424138635|1424138654|1424138667|1424138645|1424138641|1424141005|1424141052
537,92259,emotional|sexuality,1424141413|1424141386
537,95067,interesting scenario,1424140932
537,95441,crude humor,1424140358
537,97304,cia|politics|Thrilling,1424138568|1424138581|1424138560
537,99114,Soundtrack,1424140415
537,104218,Adam Sandler,1424317302
537,104841,cliche characters|long shots|predictable|Simple|slow action|visually appealing,1424140813|1424140806|1424140784|1424140794|1424140827|1424140838
537,105504,hostage|ocean|suspense,1424141178|1424141170|1424141149
537,106782,Stock Market|Wall Street,1424142693|1424142688
543,85565,Comedy,1377022063
567,1,fun,1525286013
567,101,off-beat comedy|quirky,1525287216|1525287214
567,308,cynical,1525287798
567,356,bittersweet|emotional|heartwarming|touching,1525287545|1525287537|1525287541|1525287539
567,541,atmospheric|dreamlike|existentialism|philosophical,1525286590|1525286588|1525286583|1525286586
567,750,black comedy|dark comedy|Quirky,1525287727|1525287724|1525287729
567,1203,claustrophobic|confrontational|earnest|good dialogue|great screenplay|gritty|Motivational|thought-provoking,1525283652|1525283610|1525283658|1525283605|1525283612|1525283636|1525283631|1525283607
567,1237,atmospheric|cerebral|existentialism|philosophical|reflective,1525286526|1525286536|1525286523|1525286544|1525286538
567,1260,atmospheric|chilly|creepy|menacing|mental illness|oninous,1525285649|1525285661|1525285667|1525285665|1525285654|1525285670
567,1653,intelligent|thought-provoking,1525287116|1525287118
567,1704,heartwarming|inspirational,1525287326|1525287323
567,1916,avant-garde romantic comedy|elegiac|melancholy|quirky|wry,1525282933|1525282961|1525282935|1525282930|1525282972
567,1921,artsy|atmospheric|cerebral|enigmatic|existentialism|hallucinatory|insanity|paranoia|paranoid|surreal|tense|visually appealing,1525287302|1525287273|1525287286|1525287289|1525287275|1525287271|1525287293|1525287295|1525287277|1525287281|1525287285|1525287283
567,2138,atmospheric|beautiful,1525283760|1525283752
567,2324,bittersweet|emotional|Heartwarming|poignant|sentimental|tear jerker|tearjerking,1525285789|1525285791|1525285795|1525285800|1525285793|1525285797|1525285787
567,2731,emotional|gentle|heartwarming|lyrical|reflective,1525285761|1525285768|1525285770|1525285763|1525285753
567,3134,downbeat|poignant,1525287634|1525287636
567,3266,black comedy|crazy|dark|dark comedy|dark humor|serial killer,1525283004|1525283002|1525282999|1525282995|1525283008|1525283012
567,3424,great cinematography,1525284096
567,3671,dark humor|easygoing|silly,1525283215|1525283227|1525283225
567,3676,art house|Atmospheric|creepy|cryptic|dark|disturbing|dreamlike|enigmatic|fucked up|gruesome|hallucinatory|Insane|paranoid|strange|surreal|weird,1525282858|1525282843|1525282842|1525282831|1525282860|1525282840|1525282845|1525282838|1525282866|1525282863|1525282848|1525282856|1525282868|1525282854|1525282828|1525282851
567,3994,atmospheric|somber,1525285498|1525285503
567,4144,atmospheric|Beautiful|bittersweet|dreamy|elegant|heartbreaking|intimate|loneliness|long takes|longing|melancholic|melancholy|moody|nocturnal|romantic|Unique|visually appealing|visually stunning,1525283524|1525283566|1525283563|1525283557|1525283529|1525283540|1525283535|1525283527|1525283572|1525283542|1525283526|1525283531|1525283533|1525283537|1525283568|1525283560|1525283544|1525283550
567,4226,cerebral|dreamlike,1525282541|1525282545
567,4552,"""artsy""|atmospheric|gritty|hallucinatory|surreal|visually stunning",1525285878|1525285874|1525285880|1525285875|1525285865|1525285872
567,4878,atmospheric|cerebral|dreamlike|enigmatic|hallucinatory|mental illness|mindfuck|philosophy|psychological|quirky|surreal|thought-provoking|weird,1525282581|1525282593|1525282577|1525282598|1525282590|1525282579|1525282602|1525282583|1525282595|1525282588|1525282571|1525282573|1525282585
567,5673,anger|awkward|bittersweet|hallucinatory|quirky|sad|surreal|symbolism|tense|unconventional|unique|wistful,1525282648|1525282635|1525282627|1525282650|1525282629|1525282646|1525282654|1525282652|1525282631|1525282616|1525282637|1525282643
567,5690,beautiful|downbeat|grim|poignant|tear jerker|tragedy|tragic,1525283799|1525283801|1525283797|1525283788|1525283804|1525283795|1525283809
567,6214,dark|disturbing,1525283391|1525283383
567,6291,Depressing|melancholy|sad,1525287038|1525287040|1525287050
567,6377,heartwarming,1525286742
567,6669,meditative|philosophical|poignant|purposefulness,1525286218|1525286214|1525286220|1525286216
567,6818,atmospheric|bleak|disturbing|gritty|harsh,1525282332|1525282333|1525282337|1525282340|1525282335
567,7024,bleak|confrontational|disturbing|harsh|haunting|inhumane|thought-provoking,1525283990|1525284016|1525283975|1525283987|1525284009|1525284013|1525283979
567,7361,arthouse|artistic|atmospheric|beautiful|bittersweet|colourful|comedy|dreamlike|emotional|feel-good|happpiness|humane|insightful|intelligent|lovely|melancholy|mind-bending|philosophy|quirky|quirky romantic|romantic|surreal|surrealism|thought-provoking,1525282744|1525282751|1525282731|1525282670|1525282677|1525282696|1525282701|1525282681|1525282667|1525282786|1525282735|1525282811|1525282724|1525282746|1525282737|1525282692|1525282728|1525282673|1525282687|1525282715|1525282694|1525282704|1525282683|1525282689
567,8335,heartbreaking,1525285746
567,8477,post-apocalyptic,1525282477
567,25771,mindfuck|surreal|surrealism,1525282469|1525282464|1525282466
567,26717,boring|psychedelic|symbolic,1525285892|1525285894|1525285896
567,27773,bizarre|claustrophobic|depressing|disturbing|hallucinatory|paranoid|surreal|twisted,1525283311|1525283317|1525283303|1525283306|1525283304|1525283318|1525283313|1525283339
567,30810,heartwarming|off-beat comedy|quirky|trippy|visually appealing|whimsical,1525284057|1525284048|1525284031|1525284067|1525284041|1525284034
567,40491,depression,1525282384
567,45880,cinematography|lyrical,1525287347|1525287351
567,48394,atmospheric|bittersweet|visually appealing,1525286824|1525286830|1525286827
567,48780,atmospheric|enigmatic,1525286470|1525286468
567,50872,clever|inspirational,1525283885|1525283888
567,56782,atmospheric|cerebral|character study|gritty|intense|long shots|morality|visually appealing,1525283248|1525283239|1525283288|1525283242|1525283245|1525283253|1525283268|1525283236
567,57502,abstract|dark|psychedelic|surreal,1525285566|1525285567|1525285561|1525285558
567,58301,dark|dark humor|intelligent|thought-provoking,1525283356|1525283360|1525283358|1525283367
567,58559,dark|gritty,1525285594|1525285601
567,63062,emotional,1525286194
567,68954,bittersweet|emotional|heartbreaking|touching,1525286758|1525286759|1525286755|1525286762
567,71899,bittersweet|black comedy|character study|dark comedy|friendship|loneliness|mental illness|philosophical|poignant|quirky|sad|sweet|touching,1525283044|1525283050|1525283036|1525283033|1525283029|1525283039|1525283031|1525283034|1525283043|1525283048|1525283041|1525283052|1525283027
567,74791,surreal|whimsical,1525286112|1525286110
567,79132,cerebral|dreamlike|philosophy|thought-provoking,1525287390|1525287383|1525287385|1525287380
567,80463,good dialogue|loneliness|witty,1525286347|1525286325|1525286317
567,89745,fun|great humor|visually appealing,1525285537|1525285534|1525285532
567,94959,quirky,1525286360
567,95558,Beautiful|emotional|poetic,1525287504|1525287499|1525287506
567,96079,beautiful cinematography|beautifully filmed|cinematography,1525287362|1525287364|1525287366
567,99764,moving|philosopical|surreal|weird,1525282453|1525282451|1525282456|1525282455
567,99917,artistic|artsy|atmospheric|Beautiful|dreamlike|existentialism,1525286643|1525286654|1525286652|1525286645|1525286649|1525286647
567,104875,quirky,1525285913
567,104944,emotional|feel-good|heartwarming|mental illness|touching,1525285982|1525285975|1525285984|1525285990|1525285973
567,105504,suspense|tense,1525286930|1525286932
567,106766,atmospheric|cinematography|depressing|funny,1525283920|1525283924|1525283919|1525283917
567,107406,fatalistic,1525286785
567,108932,cheeky|clever|colorful|feel-good|fun|imaginative|quirky,1525283702|1525283675|1525283676|1525283700|1525283672|1525283681|1525283678
567,109487,bad dialogue|philosophical issues|thought-provoking|visually appealing,1525287562|1525287571|1525287567|1525287559
567,112421,adorable|black comedy|Eccentric|introspection|mental illness|quirky,1525283433|1525283421|1525283427|1525283425|1525283417|1525283419
567,112552,inspirational|inspiring|intense,1525286276|1525286278|1525286274
567,112852,funny|Great Visuals|humorous|unlikely hero,1525285382|1525285333|1525285336|1525285378
567,113705,bittersweet,1525286093
567,114627,atmospheric|bizzare|eerie|symbolism,1525286623|1525286627|1525286621|1525286619
567,116797,inspirational|intelligent,1525286868|1525286865
567,117877,philosophical|trippy,1525287615|1525287611
567,117887,heartwarming,1525285938
567,119145,slick,1525286728
567,122882,beautiful|cinematography|visually appealing,1525283844|1525283853|1525283836
567,122912,Dark|emotional|Sad|Visually appealing|Visually stunning,1525282411|1525282392|1525282400|1525282405|1525282403
567,122916,awesome|humor|quirky|unconventional|white guilt,1525285267|1525285285|1525285291|1525285265|1525285281
567,122918,fun,1525286132
567,122922,visually appealing,1525287157
567,127298,depressing|understated,1525286249|1525286256
567,134130,smart,1525287677
567,134170,funny|ridiculous|silly,1525283492|1525283483|1525283502
567,138036,slick|stylish,1525287196|1525287190
567,139385,cinematography|visually appealing|Visually Striking,1525287409|1525287413|1525287426
567,139644,atmospheric|tension,1525286568|1525286565
567,140174,moving|touching,1525287480|1525287482
567,141890,Moving,1525286977
567,143367,contemplative|philosophical|thought-provoking|tragic,1525283159|1525283157|1525283155|1525283168
567,148626,funny|interesting|Witty,1525287708|1525287704|1525287702
567,148881,Existential|surreal,1525282419|1525282422
567,152077,creepy|suspense,1525287447|1525287443
567,153070,nightmare,1525282902
567,155288,suspense|thought-provoking,1525286165|1525286163
567,156605,quirky|sweet|understated,1525283453|1525283455|1525283456
567,161634,intense,1525287241
567,164179,beautiful visuals|Cerebral|cinematography|good cinematography|smart|thought-provoking|visually appealing,1525285690|1525285686|1525285696|1525285706|1525285699|1525285688|1525285693
567,164909,Bittersweet|visually appealing,1525287656|1525287658
567,167746,funny|heartwarming,1525285825|1525285833
567,168252,dark|emotional|gritty|heartbreaking|predictible plot,1525283942|1525283946|1525283940|1525283948|1525283957
567,170945,paranoia|Suspenseful,1525286504|1525286501
567,174055,brilliant|inspiring|tense,1525285239|1525285236|1525285229
567,176371,atmospheric|beautiful|cinematography|dark|dreamlike|existentialism|moody|philosophical,1525283076|1525283078|1525283075|1525283093|1525283084|1525283080|1525283086|1525283089
567,176419,allegorical|uncomfortable|unsettling,1525287584|1525287588|1525287586
567,180031,atmospheric|dreamlike,1525284150|1525284163
567,180985,bad music,1525285320
573,248,bad|Sinbad,1186589145|1186589145
573,413,Comedy,1186588856
573,540,bad,1186588897
573,707,bad,1186588902
573,836,seen at the cinema,1186588944
573,1441,Not Seen,1186588856
573,1779,good,1186588894
573,1801,seen more than once,1186588917
573,2116,classic,1186588944
573,2431,bad,1186588902
573,2662,classic,1186588962
573,2951,bad,1186588901
573,4015,bad,1186589039
573,4343,really bad|Seann William Scott,1186589079|1186589079
573,4446,sci-fi,1186588886
573,4448,boring,1186589048
573,5064,remake,1186589036
573,5254,Great movie|Wesley Snipes,1186589125|1186589125
573,6016,not seen,1186588853
573,6157,bad|Ben Affleck,1186589133|1186589133
573,6373,classic,1186588855
573,35836,BEST PICTURE|classic|hilarious|steve carell,1186589105|1186589105|1186589105|1186589105
573,52712,HORRIBLE ACTING|interesting,1186722048|1186722060
599,293,Action|assassin|assassination|assassins|awkward romance|corruption|crime|disturbing|drama|French|friendship|Gary Oldman|great acting|Guns|hit men|hitman|humorous|imdb top 250|Jean Reno|Lolita theme|loneliness|love story|Luc Besson|Natalie Portman|organized crime|police|police corruption|quirky|sniper|tense|touching|unique,1498456142|1498456106|1498456192|1498456184|1498456167|1498456155|1498456141|1498456144|1498456149|1498456150|1498456139|1498456130|1498456128|1498456179|1498456165|1498456113|1498456177|1498456175|1498456121|1498456188|1498456186|1498456132|1498456137|1498456126|1498456152|1498456181|1498456159|1498456135|1498456182|1498456190|1498456147|1498456157
599,296,1990s|achronological|action|action packed|aggressive|amazing|amazing dialogues|anthology|assassin|atmospheric|AWESOME|bad ass|bad language|bad-ass|bible|biblical references|big boys with guns|big name actors|Black comedy|black humor|black humour|blood|blood splatters|bloody|bruce willis|brutality|casual violence|character development|characters|classic|classic movie|coke|comedy|conversation|cool|cool style|crime|crime scene scrubbing|cult|cult classic|cult film|dance|dancing|dark|dark comedy|dark humor|dialogue|different|diner|disjointed timeline|disturbing|drama|drug overdose|drugs|drugs & music|ensemble cast|entertaining|entirely dialogue|episodic|exciting|fast paced|fast-paced|film noir|film-noir|foul language|fun|funny|gangster|gangsters|genius|golden watch|good dialogue|good music|gore|great acting|great dialogue|great soundtrack|gritty|guns|Harvey Keitel|heroin|Highly quotable|hit men|hitman|homosexuality|humour|iconic|imdb top 250|innovative|intellectual|intelligent|intense|interesting|intertwining storylines|interwoven storylines|ironic|irony|John Travolta|killer-as-protagonist|los angeles|Mafia|masterpiece|meaningless violence|milkshake|mobster|mobsters|monologue|motherfucker|multiple stories|multiple storylines|neo-noir|noir|non-linear|non-linear timeline|nonlinear|nonlinear narrative|nonlinear storyline|nonlinear timeline|notable soundtrack|offensive|organised crime|organized crime|original|original plot|out of order|Palme d'Or|parody|philosophical|pop culture references|psychological|pulp|Quentin Tarantino|quirky|Quotable|r:disturbing violent content including rape|r:disturbing violent images|r:graphic sexuality|r:some violence|r:strong bloody violence|r:strong language|r:sustained strong stylized violence|r:violence|random|rape|retro|Roger Avary|royal with cheese|Samuel L. Jackson|sarcasm|satire|sexy|smart writing|sophisticated|soundtrack|splatter|Steve Buscemi|storytelling|stylish|stylized|suspense|Tarantino|thought-provoking|thriller|travolta|twist ending|Uma Thurman|unique|unpredictable|unusual|very funny|violence|violent|witty,1498456537|1498456475|1498456356|1498456535|1498456533|1498456678|1498456473|1498456531|1498456382|1498456376|1498456559|1498456471|1498456469|1498456676|1498456675|1498456529|1498456673|1498456671|1498456350|1498456481|1498456670|1498456448|1498456467|1498456431|1498456352|1498456543|1498456669|1498456527|1498456466|1498456360|1498456667|1498456666|1498456378|1498456524|1498456405|1498456664|1498456353|1498456663|1498456391|1498456522|1498456345|1498456661|1498456464|1498456404|1498456339|1498456385|1498456395|1498456660|1498456658|1498456444|1498456521|1498456561|1498456656|1498456348|1498456655|1498456419|1498456519|1498456429|1498456517|1498456427|1498456436|1498456515|1498456653|1498456622|1498456686|1498456421|1498456383|1498456389|1498456406|1498456589|1498456513|1498456372|1498456396|1498456511|1498456509|1498456402|1498456380|1498456426|1498456450|1498456684|1498456483|1498456400|1498456412|1498456505|1498456562|1498456564|1498456488|1498456388|1498456490|1498456565|1498456462|1498456411|1498456541|1498456460|1498456567|1498456491|1498456458|1498456374|1498456494|1498456569|1498456414|1498456371|1498456571|1498456572|1498456574|1498456575|1498456577|1498456497|1498456498|1498456343|1498456486|1498456408|1498456367|1498456578|1498456341|1498456457|1498456580|1498456581|1498456393|1498456583|1498456585|1498456363|1498456479|1498456455|1498456586|1498456690|1498456591|1498456500|1498456478|1498456593|1498456484|1498456338|1498456364|1498456446|1498456502|1498456595|1498456597|1498456599|1498456601|1498456452|1498456603|1498456424|1498456503|1498456417|1498456442|1498456682|1498456610|1498456342|1498456612|1498456614|1498456615|1498456617|1498456618|1498456439|1498456620|1498456694|1498456375|1498456398|1498456354|1498456680|1498456358|1498456638|1498456415|1498456539|1498456639|1498456370|1498456641|1498456476|1498456642|1498456434|1498456347|1498456366|1498456437
599,924,aliens|apes|Arthur C. Clarke|artificial intelligence|atmospheric|cinematography|classic|computer|confusing ending|cult film|Dull|future|futuristic|imdb top 250|masterpiece|meditative|music|mystery|Oscar (Best Effects - Visual Effects)|overrated|philosophical|relaxing|revolutionary|robots|sci-fi|setting:space/space ship|slow|slow paced|soundtrack|space|space travel|spacecraft|Stanley Kubrick|superb soundtrack|surreal|technology|tedious|visual|visually appealing,1498456783|1498456822|1498456786|1498456752|1498456757|1498456766|1498456774|1498456793|1498456779|1498456771|1498456811|1498456770|1498456776|1498456804|1498456762|1498456768|1498456773|1498456802|1498456791|1498456813|1498456759|1498456798|1498456794|1498456781|1498456751|1498456796|1498456765|1498456806|1498456785|1498456756|1498456790|1498456788|1498456754|1498456825|1498456763|1498456827|1498456814|1498456799|1498456760
599,1732,black comedy|bowling|classic|coen brothers|comedy|crime|Cult classic|cult film|dark comedy|deadpan|drugs|funny|great dialogue|great soundtrack|Highly quotable|imdb top 250|Jeff Bridges|John Goodman|Julianne Moore|kidnapping|marijuana|Nudity (Full Frontal)|off-beat comedy|Philip Seymour Hoffman|quirky|ransom|rug|sarcasm|satirical|Steve Buscemi|violence,1498456261|1498456271|1498456304|1498456256|1498456268|1498456292|1498456280|1498456260|1498456258|1498456303|1498456286|1498456291|1498456264|1498456283|1498456296|1498456301|1498456269|1498456278|1498456294|1498456299|1498456281|1498456288|1498456273|1498456275|1498456263|1498456308|1498456306|1498456285|1498456266|1498456276|1498456297
599,2959,action|atmospheric|based on a book|Brad Pitt|challenging|Chuck Palahniuk|classic|clever|complicated|consumerism|crime|dark|dark comedy|David Fincher|disturbing|double life|Edward Norton|fighting|great acting|helena bonham carter|imaginary friend|imdb top 250|mental illness|mind-blowing|mindfuck|narrated|Nudity (Topless)|Palahnuik|philosophical|philosophy|postmodern|powerful ending|psychological|psychological thriller|psychology|quirky|satirical|schizophrenia|social commentary|societal criticism|stylized|surreal|TERRORISM|thought-provoking|twist|twist ending|violence|violent,1498456930|1498456906|1498456916|1498456893|1498456963|1498456949|1498456925|1498456960|1498456923|1498456965|1498456935|1498456928|1498456891|1498456926|1498456908|1498456958|1498456896|1498456937|1498456951|1498456939|1498456945|1498456941|1498456903|1498456955|1498456912|1498456934|1498456962|1498456948|1498456911|1498456898|1498456954|1498456921|1498456909|1498456953|1498456890|1498456918|1498456920|1498456967|1498456894|1498456946|1498456932|1498456900|1498456966|1498456901|1498456943|1498456888|1498456904|1498456914
600,273,gothic,1237739064
606,1357,music,1176765393
606,1948,British,1177512649
606,3578,Romans,1173212944
606,5694,70mm,1175638092
606,6107,World War II,1178473747
606,7382,for katie,1171234019
606,7936,austere,1173392334
610,3265,gun fu|heroic bloodshed,1493843984|1493843978
610,168248,Heroic Bloodshed,1493844270
